person_name,user_name,email,personal_number,birth_date,address,phone,mac_address,ip_address,iban,accessed_at,session_duration,download_speed,upload_speed,consumed_traffic,unique_id
Anda Ionescu,andaionescu,andaionescu@acasa.ro,2640810422719,1961-03-03 00:00:00,"Drumul Georgescu Nr. 723 Bl. 81  Sc. 58 Ap. 377, Maieru, 748944",0747 149 702,af:6d:4a:61:04:a9,29.218.63.219,RO19FYIG8570636812987318,2025-05-05 12:55:15,4735,893,599,1879605,c4fead78-235e-419d-8102-603c37998eef
Luminița Dochioiu,luminițadochioiu,luminițadochioiu@141.ro,6620428262210,1940-09-17 00:00:00,"Aleea Oprea, Gugesti, 540007",0754 540 367,82:dc:05:55:3d:c8,14.225.230.202,RO83YXHZ2826273674002305,2025-05-05 12:55:15,4618,945,361,1570584,3c5b029b-3acd-4063-ad52-7b4866959016
Anamaria Diaconescu,anamariadiaconescu,anamariadiaconescu@gmail.com,7691111079971,1947-05-25 00:00:00,"Intrarea Popa, Fieni, 951581",0753 752 926,c0:1a:3d:1c:b5:ab,178.20.249.40,RO73UMQZ9291862811562271,2025-05-05 12:55:15,10232,492,503,1061944,91bebe3e-81fe-4cd2-b5f6-250879d7c657
Valeriu Pop,valeriupop,valeriupop@email.ro,3300219255330,2016-07-30 00:00:00,"Strada Preda Nr. 248, Eforie Nord, 671134",0249 459 687,bd:ce:92:1d:cd:5b,13.52.102.30,RO10SSQI4518582419719908,2025-05-05 12:55:15,18609,652,696,1535911,983ab0a7-2d87-43ba-bf18-2e77d7801290
Tania Cristea,taniacristea,taniacristea@zzup.ro,8031025521047,1972-07-30 00:00:00,"Soseaua Ene Nr. 50, Baraolt, 284843",0269 593 432,e0:fa:a1:02:96:9f,160.213.130.233,RO74USXP1802114563088309,2025-05-05 12:55:15,26259,642,146,915923,f6fdf4ad-af19-4673-ab25-ff4062954084
Victor Popa,victorpopa,victorpopa@141.ro,5440516300570,1923-11-08 00:00:00,"Bulevardul Cristea, Salonta, 143983",0760 699 753,c0:2b:20:3b:a6:44,189.13.192.232,RO85GEEJ4947164691454880,2025-05-05 12:55:15,13989,670,216,641236,e5ee2e23-06a5-428f-87c9-e40a203df429
Vlaicu Toma,vlaicutoma,vlaicutoma@141.ro,4360402253525,1974-05-13 00:00:00,"Soseaua Ardelean Nr. 540, Medgidia, 713194",0730 438 512,fd:d5:f4:06:06:14,82.20.249.167,RO14WTEP8970497375918584,2025-05-05 12:55:15,6599,351,422,1652894,9de80833-ffa9-4c49-9163-ed3942897a3a
Gheorghiță Pușcașu,gheorghițăpușcașu,gheorghițăpușcașu@email.ro,1491007240990,1937-05-14 00:00:00,"Aleea Dumitrescu Nr. 25, Ocna Mures, 930970",0734 940 714,65:bb:ad:8a:91:20,211.171.106.136,RO29FVWM5074927239879966,2025-05-05 12:55:15,25344,816,290,18072,a5d478c0-5193-4235-9257-84d306e3f05e
Salomea Stănescu,salomeastănescu,salomeastănescu@post.ro,7801212034901,1976-10-17 00:00:00,"Bulevardul Tudor, Gheorgheni, 603802",0242 480 418,3d:b7:b8:e6:ad:7e,84.54.94.181,RO03MCLG2370867548342497,2025-05-05 12:55:15,12510,558,31,582069,93370eed-0ce7-472d-807a-f7002d2a3e6f
Marinela Niță,marinelaniță,marinelaniță@acasa.ro,4690407091828,1966-02-08 00:00:00,"Strada Erica Nistor Nr. 95 Bl. 66  Sc. 67 Ap. 822, Curcani, 705213",0753 864 137,15:47:be:e4:af:53,144.253.34.22,RO43HDUV3596465295392320,2025-05-05 12:55:15,2423,969,289,1763407,68bdf644-75f6-4f65-be4a-14be6c8df4ba
Andrada Suciu,andradasuciu,andradasuciu@post.ro,1950305457598,1952-02-25 00:00:00,"Soseaua Marin, Horodnic de Sus, 326755",0268 174 791,38:bf:99:cd:fb:0a,205.233.23.105,RO58HUUH6159651330719821,2025-05-05 12:55:15,28588,63,24,529994,270ce615-2185-43bd-bd10-e2c61be109a9
Lia Dobre,liadobre,liadobre@kappa.ro,2820722453484,1995-06-28 00:00:00,"Aleea Marta Mazilescu Nr. 524 Bl. 35  Sc. 77 Ap. 324, Cudalbi, 509185",0723 129 283,92:9e:fe:67:b3:45,157.238.129.211,RO55FMTC0740829277876075,2025-05-05 12:55:15,15621,632,742,439285,6ca0515b-3d83-4d5f-a559-f9dfbe81183d
Codin Tabacu,codintabacu,codintabacu@post.ro,2400605357622,1978-08-09 00:00:00,"Bulevardul Adriana Gheorghiu Nr. 895 Bl. 64  Sc. 84 Ap. 202, Apahida, 336680",0249 845 226,43:4b:64:2c:4b:5e,10.141.91.187,RO57PNIL7688174857228051,2025-05-05 12:55:15,9210,270,401,1302308,4b99fbe9-284a-4852-8816-83d0734c394a
Laurian Tomescu,lauriantomescu,lauriantomescu@141.ro,4360228074477,1930-07-28 00:00:00,"Intrarea Cristea Nr. 66, Galati, 998786",0264 823 464,b1:47:00:2d:2d:85,201.29.155.175,RO20ITQF1939409144873503,2025-05-05 12:55:15,6953,451,384,1497313,2085eab7-07fd-4f2d-9536-7ca4df43a354
Ioana Popa,ioanapopa,ioanapopa@zzup.ro,3560610212899,1987-10-03 00:00:00,"Aleea Cecilia Popescu Nr. 75 Bl. 45  Sc. 41 Ap. 209, Avrig, 975580",0257 162 161,39:14:66:0e:41:74,167.84.8.109,RO83VDHB5436920064136147,2025-05-05 12:55:15,32824,673,552,1090060,f8f06f1b-803e-44f2-bd03-3176c32cbdbe
Petronela Ene,petronelaene,petronelaene@email.ro,8730728336244,2011-12-24 00:00:00,"Intrarea Flavia Pop Nr. 95, Jibou, 768375",0242 538 428,82:2d:81:6e:b0:66,215.120.104.209,RO40ZFXY3060906911020809,2025-05-05 12:55:15,19157,236,236,588722,57800edc-a239-4d95-9d39-20cac9284029
Marian Barbu,marianbarbu,marianbarbu@zzup.ro,1941114116251,1952-06-17 00:00:00,"Soseaua Doina Voinea Nr. 55 Bl. 60  Sc. 94 Ap. 366, Dragalina, 778176",0243 618 893,f5:2b:67:7d:a1:0d,174.227.113.198,RO48POEE4762703831652147,2025-05-05 12:55:15,12037,963,231,1925592,0393673d-4dcd-48c6-80c8-affc5de34659
Tiberia Pușcașu,tiberiapușcașu,tiberiapușcașu@zzup.ro,8840321234108,2025-02-03 00:00:00,"Bulevardul Stoica Nr. 90, Sancraiu de Mures, 322074",0770 707 147,81:70:be:49:54:56,208.138.80.84,RO18ZCFM7743332302020258,2025-05-05 12:55:15,8831,55,732,897209,19fd25f4-42dc-4f32-8a7d-2e8c1b6c98d2
Betina Barbu,betinabarbu,betinabarbu@post.ro,8571125374937,1972-11-04 00:00:00,"Drumul Ene, Buzau, 433562",0762 488 987,6b:9c:68:ca:ed:cf,81.39.61.89,RO47QMWP8761040485055815,2025-05-05 12:55:15,35478,398,509,1109355,0f8d4478-c6b5-4bc7-a6c9-11d43c95e099
Xenia Nistor,xenianistor,xenianistor@email.ro,7540331172971,1951-12-18 00:00:00,"Aleea Lili Dochioiu, Moisei, 287206",0238 808 343,32:2e:c0:ec:a4:16,9.252.54.70,RO26EXJK8577493548463250,2025-05-05 12:55:15,23931,478,537,353226,57a4edb3-9d5c-43fb-a5fd-52f84a88dd06
Margareta Tudor,margaretatudor,margaretatudor@kappa.ro,6200808082082,1936-11-16 00:00:00,"Strada Cerasela Florea Nr. 22, Bals, 399293",0759 807 077,7c:0e:90:92:a7:57,18.191.173.50,RO04UIMF2138941890742371,2025-05-05 12:55:15,21555,265,756,1675968,228b55ca-c6d3-44c3-9d33-6f1f5a966499
Ioan Ababei,ioanababei,ioanababei@zzup.ro,2540623325437,1930-03-11 00:00:00,"Drumul Aanei Nr. 131, Bolintin-Vale, 457996",0736 388 634,84:9f:f1:ab:79:8b,5.148.219.73,RO63AMBY6724048140542551,2025-05-05 12:55:15,17679,12,531,781619,667ec822-8091-4929-b27e-aaced662d92e
Manuela Stancu,manuelastancu,manuelastancu@141.ro,6270907125521,1956-09-05 00:00:00,"Aleea Nemeș Nr. 95, Eforie Nord, 168090",0731 771 912,8a:e2:95:4a:02:50,50.61.161.193,RO33UFQE3902314683579504,2025-05-05 12:55:15,2564,593,653,1950349,0127191e-6b36-45eb-84f0-6161836ac665
Oliviu Dochioiu,oliviudochioiu,oliviudochioiu@email.ro,2250801185976,1973-06-22 00:00:00,"Drumul Heracleea Toma Nr. 72, Rosiori de Vede, 308282",0745 856 620,e8:f0:04:2a:e7:6c,35.177.254.160,RO12PGFE9070262536900841,2025-05-05 12:55:15,22579,423,685,1134275,06b312f6-7f11-480d-9caa-8647fe27c4d2
Codrin Pop,codrinpop,codrinpop@kappa.ro,2330225033584,2017-12-06 00:00:00,"Aleea Andreea Stan Nr. 65, Zalau, 800887",0756 155 570,79:21:7b:a4:37:a3,85.148.2.144,RO98SWKD9340986908728936,2025-05-05 12:55:15,35918,483,89,1517840,e55e6b62-81fd-4ab3-8d15-54390c6a1e0e
Semenica Tomescu,semenicatomescu,semenicatomescu@kappa.ro,5010314170684,2004-11-02 00:00:00,"Soseaua Octavian Cristea Nr. 99 Bl. 81  Sc. 68 Ap. 240, Dumbravita, 621342",0760 097 425,15:37:a0:9b:57:ad,135.202.77.21,RO86PFHD4296708594030768,2025-05-05 12:55:15,33165,986,83,898579,bd2fdc82-6590-414e-9db5-a36ac0154550
Robert Florea,robertflorea,robertflorea@email.ro,7031014425883,2019-07-04 00:00:00,"Intrarea Nistor Nr. 67 Bl. 10  Sc. 32 Ap. 913, Oradea, 702071",0739 505 265,a3:a3:89:12:61:9f,88.76.3.144,RO18EMXC4016933466427812,2025-05-05 12:55:15,4623,897,452,1489902,a5968971-733a-4650-9d74-bc54fe2332b6
Toma Albu,tomaalbu,tomaalbu@zzup.ro,2180208405897,1915-06-08 00:00:00,"Drumul Mocanu Nr. 87 Bl. 49  Sc. 20 Ap. 939, Sebis, 204282",0762 597 833,df:7c:13:1f:aa:3d,118.181.223.66,RO56TRVF9694269781309908,2025-05-05 12:55:15,6824,427,119,761574,cc7ab06e-a78b-4b2a-b76c-176a94e5a577
Adelin Marin,adelinmarin,adelinmarin@post.ro,4930620433181,1989-06-07 00:00:00,"Bulevardul Tabacu Nr. 37, Amara, 344901",0258 567 304,27:78:7e:b2:aa:b2,73.36.13.40,RO43DRYN6510847747407274,2025-05-05 12:55:15,31963,525,522,872643,60f6b6d5-fd8a-4714-b8f3-b96dc206345b
Carmen Toma,carmentoma,carmentoma@email.ro,1760331077376,1966-05-19 00:00:00,"Bulevardul Teea Stănescu Nr. 65, Sebes, 242329",0231 881 246,85:03:61:28:0d:9c,85.108.199.11,RO51DXDZ9425402528808171,2025-05-05 12:55:15,2083,155,558,922527,2b77b4ab-4f80-4ef3-b950-7b79803c6d82
Maia Stoica,maiastoica,maiastoica@email.ro,2001120212106,1948-10-06 00:00:00,"Aleea Aanei Nr. 831, Tandarei, 252525",0726 774 709,b8:58:ec:82:ed:d8,185.224.172.150,RO29GBDS1291331680928907,2025-05-05 12:55:15,17071,846,298,476038,ee866ee5-d9ab-4c98-b8c4-966aa45b2dbb
Diana Stănescu,dianastănescu,dianastănescu@kappa.ro,1730709299694,1948-12-22 00:00:00,"Soseaua Dima, Remetea, 189758",0245 876 256,74:1a:83:e6:3f:37,132.3.4.244,RO23DAGV7255437632948399,2025-05-05 12:55:15,1255,162,550,810057,67eb19ee-1641-49c1-99d5-168fa751f682
Anghelina Pop,anghelinapop,anghelinapop@acasa.ro,3420707090691,2003-04-18 00:00:00,"Strada Gicu Pușcașu, Comanesti, 727719",0758 339 348,79:93:62:f1:31:fc,12.214.10.235,RO91NXET9756295170413619,2025-05-05 12:55:15,1199,693,408,254012,f14ceb84-a927-4a07-9050-91a5be8289d4
Mihail Dobre,mihaildobre,mihaildobre@zzup.ro,7051214512504,2016-10-30 00:00:00,"Bulevardul Dobre Nr. 319 Bl. 42  Sc. 16 Ap. 261, Vatra Dornei, 227903",0721 277 111,ca:3d:4c:df:a1:2c,126.14.166.53,RO98DJKR7368450795172886,2025-05-05 12:55:15,20218,971,197,951883,16e53617-9189-4ddc-8f19-295a50fd0098
Visarion Pușcașu,visarionpușcașu,visarionpușcașu@post.ro,6221127185154,1910-01-19 00:00:00,"Aleea Gheorghiu Nr. 34 Bl. 73  Sc. 71 Ap. 283, Fundeni, 300613",0763 946 830,6d:8f:f5:b0:a0:b1,160.99.11.26,RO55UHUP5371291663844326,2025-05-05 12:55:15,21427,160,486,753303,d7fc594f-82f0-46b1-ac39-bde3d988ecc0
Stana Georgescu,stanageorgescu,stanageorgescu@email.ro,5030702356495,1970-01-29 00:00:00,"Drumul Georgescu Nr. 564 Bl. 97  Sc. 24 Ap. 899, Ploiesti, 885886",0729 069 016,fd:0b:b3:8c:11:a8,177.125.234.160,RO11FWMI2190458489121787,2025-05-05 12:55:15,4603,142,771,115008,4df3d096-cd8c-4011-a983-7d7c1e889b02
Ladislau Dima,ladislaudima,ladislaudima@gmail.com,1660421324468,2006-10-04 00:00:00,"Bulevardul Tabacu, Alba Iulia, 759278",0237 180 839,4a:2a:4f:7f:39:ee,132.233.190.117,RO82OOBL3554504492551851,2025-05-05 12:55:15,12087,925,385,995772,37e73227-9e36-402a-9cf6-815aa6e9ba23
Miron Marin,mironmarin,mironmarin@email.ro,2421110240290,1910-10-22 00:00:00,"Aleea Toma Nr. 64, Otelu Rosu, 727999",0723 239 187,59:f7:18:84:45:99,7.60.139.130,RO79FYRE3687966751580811,2025-05-05 12:55:15,23543,398,107,1892694,2eec606e-a640-488f-b89f-2bd9ff32510a
Nicoleta Mocanu,nicoletamocanu,nicoletamocanu@email.ro,1710705115689,1958-10-26 00:00:00,"Soseaua Mazilescu Nr. 998 Bl. 94  Sc. 96 Ap. 142, Sabaoani, 484711",0242 881 316,25:0d:db:0e:b1:62,107.27.120.20,RO67SWUF0966161751780314,2025-05-05 12:55:15,29537,183,238,1912323,1cb4ad40-e025-4228-9ae5-b55d484312e6
Denis Ardelean,denisardelean,denisardelean@gmail.com,7221001265411,1991-02-19 00:00:00,"Drumul Marin, Piatra-Neamt, 757077",0259 774 925,e1:45:95:52:e7:c5,50.131.41.39,RO36EOGA3598826825379222,2025-05-05 12:55:15,10710,964,724,552836,02eef825-d4df-465c-a707-a6d0ef78eba4
Fabia Oprea,fabiaoprea,fabiaoprea@email.ro,3470317297183,1932-09-20 00:00:00,"Intrarea Grațiana Tabacu, Roman, 809475",0739 357 716,7c:ec:d0:c9:d2:73,100.23.100.27,RO68XGGM6091508628483668,2025-05-05 12:55:15,14745,150,210,1351368,bd548ace-c247-4a0f-bc9f-9f4507b6a8c5
Izabela Nemeș,izabelanemeș,izabelanemeș@acasa.ro,7720319401785,1980-11-01 00:00:00,"Intrarea Pop Nr. 45 Bl. 30  Sc. 14 Ap. 128, Codlea, 546023",0749 981 022,7f:9e:96:a7:70:08,57.8.139.165,RO05RPSV0985842304606254,2025-05-05 12:55:15,15217,724,661,923532,3f969393-6ac4-44f6-b277-89f6e59cab27
Elisaveta Voinea,elisavetavoinea,elisavetavoinea@email.ro,8640808414106,2007-07-28 00:00:00,"Intrarea Ene Nr. 521 Bl. 66  Sc. 73 Ap. 967, Sancraiu de Mures, 150885",0726 727 459,24:83:08:cd:c7:44,95.36.54.234,RO43KRXQ2493417644415636,2025-05-05 12:55:15,12194,543,488,544066,e678a01b-ea1e-4912-ac8b-e3449551c5d7
Valter Nistor,valternistor,valternistor@post.ro,6310827061134,1942-06-21 00:00:00,"Soseaua Barbu, Buftea, 321226",0246 319 153,37:d3:12:0e:5a:48,136.231.98.205,RO82BUSV3318327158336948,2025-05-05 12:55:15,1663,66,679,1808091,817a6184-a0a8-4bfa-9bfb-63be166ca8d4
Letiția Preda,letițiapreda,letițiapreda@email.ro,6800521146316,1979-04-23 00:00:00,"Intrarea Dorin Stănescu Nr. 583, Onesti, 169186",0243 474 778,d8:a4:cd:b7:2c:27,117.47.79.129,RO25VNWX8175890603046426,2025-05-05 12:55:15,1540,995,444,1276996,c6999e33-096f-4a15-9269-96fd55114c1c
Severin Voinea,severinvoinea,severinvoinea@zzup.ro,4580921303246,1933-05-22 00:00:00,"Intrarea Dima Nr. 21 Bl. 94  Sc. 60 Ap. 287, Sighetu Marmatiei, 682108",0256 794 916,bb:7f:e0:d8:ac:13,18.54.137.218,RO67GMQY5186992213391185,2025-05-05 12:55:15,29527,371,562,611336,2dcf1c0b-713e-4d69-998b-cd74eea4e20c
Augustin Suciu,augustinsuciu,augustinsuciu@kappa.ro,8850629239458,2007-10-13 00:00:00,"Bulevardul Ionescu, Bocsa, 753727",0754 348 595,df:35:9c:cb:5e:b5,198.152.57.7,RO13CWJS5101261859464809,2025-05-05 12:55:15,11812,543,253,284596,1d88af38-0415-4cb3-b532-7ef79abe1b2b
Melania Georgescu,melaniageorgescu,melaniageorgescu@gmail.com,7961108457257,2003-09-15 00:00:00,"Soseaua Pușcașu Nr. 511 Bl. 30  Sc. 17 Ap. 151, Gheorgheni, 389854",0251 284 940,15:6f:a3:40:0b:c1,34.119.62.21,RO80MBJS1064688988734774,2025-05-05 12:55:15,22735,939,384,205461,a78a3ca6-6cfb-4711-8d8e-33ac99f90572
Leopoldina Marin,leopoldinamarin,leopoldinamarin@kappa.ro,6581123110063,2024-09-25 00:00:00,"Strada Tomescu Nr. 474 Bl. 30  Sc. 23 Ap. 345, Straja, 203029",0762 913 110,79:17:89:91:f5:dc,124.207.25.179,RO30PSIQ7424904504400858,2025-05-05 12:55:15,901,374,631,1680751,e0c96604-453b-48af-a1a7-3605516c36e1
Eufrosina Pușcașu,eufrosinapușcașu,eufrosinapușcașu@gmail.com,4290102199747,1919-09-09 00:00:00,"Intrarea Nistor, Navodari, 775003",0238 897 050,7d:d4:48:ed:7d:93,86.72.169.227,RO60OXLJ7479445439551235,2025-05-05 12:55:15,8237,949,138,1736662,9918e4fd-91fc-4e5a-8ba2-ff0cfa081bac
Vasilică Suciu,vasilicăsuciu,vasilicăsuciu@email.ro,3021007186700,1951-11-29 00:00:00,"Strada Steliana Oprea Nr. 74, Tarnaveni, 429047",0764 465 180,1d:92:ac:bd:5c:0e,104.84.161.76,RO71GFLJ3138753451904790,2025-05-05 12:55:15,35032,961,770,230776,92b1d783-d177-4d51-a8f7-2977517460d9
Sabina Gheorghiu,sabinagheorghiu,sabinagheorghiu@kappa.ro,4790617387154,1941-07-04 00:00:00,"Aleea Diaconescu Nr. 838, Targu Secuiesc, 908806",0249 539 052,7c:52:7f:da:bc:d6,27.58.185.126,RO11LGCD5618388491309078,2025-05-05 12:55:15,23329,901,739,1568036,ab86d72c-8e99-4d1d-a797-3a24a65f9d98
Mihnea Diaconescu,mihneadiaconescu,mihneadiaconescu@141.ro,5700407097225,1942-04-08 00:00:00,"Intrarea Pușcașu Nr. 57 Bl. 23  Sc. 42 Ap. 337, Sadova, 814788",0257 154 122,29:a8:58:de:e3:a7,218.70.27.231,RO03SJFQ8774837823679692,2025-05-05 12:55:15,33476,872,445,1206185,7aadbef2-ac0e-433c-8d96-462d67588f6f
Speranța Stănescu,speranțastănescu,speranțastănescu@gmail.com,3390805015489,2012-08-13 00:00:00,"Bulevardul Mocanu Nr. 783 Bl. 61  Sc. 11 Ap. 372, Tasnad, 307299",0263 173 490,84:40:b3:ee:ea:76,96.112.220.45,RO39PEZZ2293330859831416,2025-05-05 12:55:15,14305,864,779,696465,922eaf67-c8b0-4647-bf4f-240f3ccc0af4
Zenovia Barbu,zenoviabarbu,zenoviabarbu@zzup.ro,1611206262771,2007-02-26 00:00:00,"Soseaua Voinea Nr. 62, Insuratei, 445792",0746 206 320,f9:4b:45:e9:c9:95,35.163.97.235,RO55VIMJ4379030229706081,2025-05-05 12:55:15,33102,580,437,1923883,ad891e7a-0c7b-44f1-90fb-c278b6d4e989
Ica Marin,icamarin,icamarin@zzup.ro,6841212221712,1978-11-16 00:00:00,"Aleea Anaida Eftimie, Zarnesti, 520868",0765 749 266,dd:84:5a:b8:56:3d,54.81.126.104,RO42FDKR7333461839202406,2025-05-05 12:55:15,15680,853,311,662069,31edebd5-2935-4a88-a328-4d434772fd85
Gheorghiță Suciu,gheorghițăsuciu,gheorghițăsuciu@141.ro,1550917207717,1938-02-04 00:00:00,"Drumul Stoica, Strejnicu, 281355",0247 327 257,fb:80:a7:17:ad:27,25.205.149.36,RO41EMZB5511816940813774,2025-05-05 12:55:15,2450,649,793,1363005,73cf965b-cf8b-4c1d-8051-4fbd00571280
Francesca Mocanu,francescamocanu,francescamocanu@acasa.ro,4980820192098,1976-06-05 00:00:00,"Intrarea Anastasia Popescu Nr. 387 Bl. 78  Sc. 86 Ap. 710, Sibiu, 319939",0731 421 050,28:77:df:51:60:64,103.130.84.183,RO76OELY6237296416373393,2025-05-05 12:55:15,28225,29,41,1083501,18d67524-49ac-4fe3-bc3d-ad492aef3594
Giorgian Preda,giorgianpreda,giorgianpreda@post.ro,8030920294814,2019-04-27 00:00:00,"Soseaua Caius Oprea Nr. 68 Bl. 64  Sc. 44 Ap. 866, Bocsa, 593578",0766 698 533,09:8d:93:cb:32:80,6.255.145.131,RO09OXHR0439887105930013,2025-05-05 12:55:15,21760,712,742,292729,60a7265c-8fe3-4f61-a067-3fd90bb2c0a5
Timotei Popescu,timoteipopescu,timoteipopescu@zzup.ro,2810831411084,1989-10-04 00:00:00,"Aleea Cezara Eftimie, Calafat, 625315",0750 277 814,81:8c:f2:d1:a7:eb,37.31.147.126,RO80XAOU8843644827506290,2025-05-05 12:55:15,31550,674,608,1642693,6c1967d0-e762-4ca1-b09c-9f6b695a675a
Viorica Cristea,vioricacristea,vioricacristea@141.ro,2110823166091,2016-03-15 00:00:00,"Intrarea Valter Dochioiu, Techirghiol, 823896",0732 539 394,f9:b9:58:15:0f:3e,216.98.107.156,RO42MXVX9345093044317970,2025-05-05 12:55:15,2025,490,613,1001587,b91a92a4-9545-43d8-84a2-b44c6b1d149f
Maricica Diaconescu,maricicadiaconescu,maricicadiaconescu@post.ro,5461218338712,1953-04-26 00:00:00,"Bulevardul Doriana Stănescu Nr. 142, Santana, 528530",0732 541 754,19:4a:d5:c6:16:c0,83.113.101.23,RO52AOBE7607835585338312,2025-05-05 12:55:15,20543,459,57,1984660,05c3ef6d-b9d7-4f20-9b43-b8c0d28fd0fe
Maia Marin,maiamarin,maiamarin@kappa.ro,7971111517611,1967-12-01 00:00:00,"Drumul Eftimie Nr. 350, Corabia, 945846",0235 082 086,21:7d:68:c9:17:d8,188.191.82.117,RO11OOKP0137059514312121,2025-05-05 12:55:15,31502,891,561,48389,5d7a69cb-7727-4383-bc1c-e5768637f9cc
Andrada Preda,andradapreda,andradapreda@gmail.com,6241223400117,1983-06-26 00:00:00,"Aleea Șerban Georgescu Nr. 205, Falticeni, 385989",0759 009 437,97:13:41:ed:47:56,199.189.183.104,RO24QYNK7583614188930210,2025-05-05 12:55:15,4496,897,603,303008,5725a6b9-fc1d-4e9e-9026-eb3d2f2c3d7b
Basarab Tabacu,basarabtabacu,basarabtabacu@gmail.com,8540313107642,1974-12-09 00:00:00,"Soseaua Narcisa Ardelean Nr. 195 Bl. 33  Sc. 64 Ap. 475, Carei, 779988",0724 853 419,e2:86:cf:60:20:e1,94.215.158.163,RO89NXLB0829653288001919,2025-05-05 12:55:15,10071,119,373,800763,ea5fac8f-3de8-4b23-b0c2-692f09f47d48
Corvin Marin,corvinmarin,corvinmarin@141.ro,2150426164666,2024-07-07 00:00:00,"Drumul Edmond Popescu Nr. 10, 1 Decembrie, 956704",0763 518 085,0e:1e:4c:8b:7b:b3,19.66.206.227,RO44TXEY5524373897101349,2025-05-05 12:55:15,26304,87,126,644899,44558387-ca67-4fbe-84fa-d17963512b80
Natașa Dumitrescu,natașadumitrescu,natașadumitrescu@email.ro,4360122377230,1918-12-14 00:00:00,"Drumul Aanei Nr. 344, Macin, 667018",0760 456 099,09:29:ee:f3:c4:7d,12.159.9.151,RO81UJNU2122838512999229,2025-05-05 12:55:15,837,650,668,1964843,836419ce-59b5-42bb-9f52-eb0b5fe4d6db
Noemi Pușcașu,noemipușcașu,noemipușcașu@141.ro,3120817246951,1926-04-22 00:00:00,"Strada Niță, Curtici, 580628",0258 590 780,67:55:c9:34:72:e3,208.170.82.71,RO70MQLD7407405705591573,2025-05-05 12:55:15,19263,71,256,1635072,8a4cf852-d03b-4e12-834e-8b207f66297e
Zeno Ababei,zenoababei,zenoababei@141.ro,2170906347360,1973-07-15 00:00:00,"Intrarea Tomescu Nr. 525, Corund, 972074",0746 540 253,ff:7e:8e:59:14:4f,24.252.50.225,RO41FGOO5934700525592049,2025-05-05 12:55:15,12910,364,609,1069475,745b1781-b0d2-42eb-82fa-0a5eb7da725d
Ilarie Ababei,ilarieababei,ilarieababei@post.ro,4640829144178,1933-12-21 00:00:00,"Bulevardul Oprea Nr. 815, Miercurea-Ciuc, 191942",0759 688 468,89:b2:e9:16:bd:2a,176.216.75.164,RO61XURI9024558015251399,2025-05-05 12:55:15,32434,918,518,1671686,131bd2e6-4668-417c-a07c-a3ebab211af5
Octavian Stoica,octavianstoica,octavianstoica@post.ro,4141027325099,1996-05-05 00:00:00,"Bulevardul Albu Nr. 676, Timisoara, 431450",0770 386 025,c5:7e:ee:34:95:b3,172.252.0.5,RO52OWFW4058985832930715,2025-05-05 12:55:15,18683,952,541,1560228,cb4dec3f-4ff4-4f7c-a7c4-81849bb7f1ff
Noemi Dumitrescu,noemidumitrescu,noemidumitrescu@acasa.ro,1280823447172,1921-06-29 00:00:00,"Soseaua Preda, Moreni, 395992",0772 978 902,92:63:ed:2f:48:e2,214.126.156.129,RO02BWMA6744904344824205,2025-05-05 12:55:15,31915,150,734,54650,1cb2fac3-4036-4972-9fc1-149876949541
Dan Diaconescu,dandiaconescu,dandiaconescu@post.ro,1850511158524,1920-02-16 00:00:00,"Intrarea Axinte Cristea Nr. 832 Bl. 76  Sc. 22 Ap. 569, Topoloveni, 337097",0755 458 465,be:03:75:b4:22:b8,181.83.59.116,RO46HIDR0379507598200068,2025-05-05 12:55:15,16074,654,193,761693,34eeb3a0-605e-4c4d-bc68-c9327c8c018d
Didina Dumitrescu,didinadumitrescu,didinadumitrescu@gmail.com,2470423097914,1958-06-18 00:00:00,"Bulevardul Preda Nr. 12 Bl. 65  Sc. 98 Ap. 952, Vicovu de Jos, 467468",0761 005 815,15:56:40:e7:92:7d,48.106.124.235,RO11EJLQ1075756578178470,2025-05-05 12:55:15,5447,994,301,887525,2e491f2b-a3b1-45b6-aa46-82799d7288f1
Octavian Tomescu,octaviantomescu,octaviantomescu@acasa.ro,1161223260358,1979-05-26 00:00:00,"Intrarea Stoica Nr. 94, Baciu, 834757",0251 859 842,66:02:5e:85:6d:0b,185.116.207.230,RO11KMMA0800364558284998,2025-05-05 12:55:15,20144,839,116,1493830,4376b6a4-2f6d-4ad2-8839-1fe51f2a6673
Ilona Dumitrescu,ilonadumitrescu,ilonadumitrescu@141.ro,6900131242222,2021-12-30 00:00:00,"Soseaua Elena Aanei Nr. 71 Bl. 23  Sc. 29 Ap. 104, Rovinari, 385503",0250 010 955,cd:b9:f2:4c:8e:0b,191.180.225.108,RO29INUB3425809151204746,2025-05-05 12:55:15,5922,182,365,291284,e41736de-fba5-4509-8d86-84ea8e49bd67
Rafila Popa,rafilapopa,rafilapopa@acasa.ro,3140218512118,1983-04-24 00:00:00,"Aleea Geanina Marin Nr. 77, Darmanesti, 574949",0739 700 197,94:0a:ea:47:79:47,161.117.13.23,RO27PGJV1532832610824294,2025-05-05 12:55:15,12290,301,124,1906470,7838e385-ba9e-4b40-9c81-efbabc7caf8b
Atena Florea,atenaflorea,atenaflorea@zzup.ro,3270720064337,1982-09-03 00:00:00,"Drumul Ioniță Nr. 68 Bl. 29  Sc. 26 Ap. 811, Diosig, 217279",0264 499 470,99:c4:22:b5:25:75,134.183.71.55,RO93NLHX8019959724021134,2025-05-05 12:55:15,6398,419,462,146155,d9b059e7-da76-4dee-a58b-d0223ce8f3de
Adelaida Georgescu,adelaidageorgescu,adelaidageorgescu@acasa.ro,7120910318579,1997-11-17 00:00:00,"Intrarea Gregorian Barbu, Vaslui, 780210",0258 958 499,ed:ac:f3:49:3f:5a,77.204.206.168,RO96RZUS1640740573144429,2025-05-05 12:55:15,33328,351,492,845195,b56dd7fe-10f7-47aa-96f4-8f3e9518dff1
Ianis Oprea,ianisoprea,ianisoprea@kappa.ro,6881120315011,2000-10-02 00:00:00,"Aleea Gheorghiu Nr. 14, Pitesti, 241833",0780 049 345,3d:ac:4b:bb:50:f8,173.71.210.17,RO46VEAU5069360018601132,2025-05-05 12:55:15,17669,24,167,1546120,7b175f4e-5e38-46d2-956a-ebd797edcf8e
Cerasela Diaconu,ceraseladiaconu,ceraseladiaconu@email.ro,1160720390193,1926-04-12 00:00:00,"Aleea Pop Nr. 86, Peris, 280845",0266 672 479,35:32:12:67:2b:b5,201.4.217.47,RO54PIHA9297805413242339,2025-05-05 12:55:15,25280,108,369,877969,83bca33a-585e-4c34-9c66-d2153e34a0b3
Valter Stoica,valterstoica,valterstoica@141.ro,1730226092136,1942-11-19 00:00:00,"Intrarea Mocanu Nr. 55, Tunari, 723147",0786 338 372,8b:17:9f:55:d7:0e,7.86.110.206,RO58DGKC6084746272323425,2025-05-05 12:55:15,3935,911,266,666642,3616290f-c704-460f-b674-b808b284719e
Ligia Popescu,ligiapopescu,ligiapopescu@zzup.ro,5350506194853,1972-01-15 00:00:00,"Bulevardul Voinea Nr. 78, Sabaoani, 158606",0747 598 158,68:40:05:73:08:d1,178.219.184.167,RO77KKUR2655828857008548,2025-05-05 12:55:15,27596,552,169,145256,7fb9e568-7fd6-4a94-94a5-2097cb09f624
Clarisa Dobre,clarisadobre,clarisadobre@post.ro,5161107526963,2013-06-07 00:00:00,"Intrarea Ene Nr. 861 Bl. 95  Sc. 59 Ap. 582, Prejmer, 478002",0752 065 307,d9:f8:b1:f4:ea:36,165.62.130.152,RO58KTEI9238558246638524,2025-05-05 12:55:15,22758,986,371,416589,304207eb-8bf3-4579-a1db-fd73e20789f9
Henrieta Georgescu,henrietageorgescu,henrietageorgescu@acasa.ro,3790403395101,1927-02-26 00:00:00,"Strada Sever Stănescu, Siret, 561966",0788 989 646,84:e2:51:d7:ec:c7,116.39.246.242,RO05AHCB6369782289012596,2025-05-05 12:55:15,18829,577,569,1299371,f5ed9c7d-6cd5-467b-b827-949115a7a58f
Adriana Tomescu,adrianatomescu,adrianatomescu@141.ro,3180603154743,1959-06-23 00:00:00,"Aleea Dochia Suciu Nr. 41 Bl. 47  Sc. 79 Ap. 634, Poiana Mare, 415222",0754 812 190,38:73:b1:63:a1:66,83.69.31.42,RO10GLAR7537369126503338,2025-05-05 12:55:15,12316,993,493,1807980,22229d87-13c3-49b7-b796-485f70c40b61
Traian Nemeș,traiannemeș,traiannemeș@acasa.ro,3500108285501,1912-09-10 00:00:00,"Soseaua Toma, Rasinari, 297112",0763 748 798,55:ea:40:a2:0f:56,168.211.67.78,RO04SPSC6577269948034263,2025-05-05 12:55:15,24062,198,301,49345,a8731e83-cc3e-47ec-9a72-1c5bcaa2520b
Petre Gheorghiu,petregheorghiu,petregheorghiu@gmail.com,1540326198886,2012-07-26 00:00:00,"Soseaua Narcis Ionescu, Plosca, 777352",021 760 1290,61:64:2b:bd:81:5e,137.104.4.220,RO61RWVS7702096618497150,2025-05-05 12:55:15,15802,115,331,1377717,70392e42-931e-46a1-8adf-10a369d3e7ef
Zaharia Tudor,zahariatudor,zahariatudor@141.ro,1920515296404,1933-11-11 00:00:00,"Soseaua Agripina Albu Nr. 891 Bl. 91  Sc. 72 Ap. 730, Hateg, 636424",0260 520 500,a8:51:9c:37:10:bf,147.123.147.34,RO95TCTB1156153349190247,2025-05-05 12:55:15,13977,693,274,1583247,81690602-c461-448b-9b49-d681db6dd04e
Ariana Voinea,arianavoinea,arianavoinea@zzup.ro,4260926380791,2006-12-20 00:00:00,"Drumul Tabacu Nr. 83 Bl. 40  Sc. 57 Ap. 396, Magurele, 536521",0258 865 694,67:2b:e5:9a:c9:ce,202.109.33.72,RO70DAIS7487908895913622,2025-05-05 12:55:15,2259,910,546,857547,578cc164-65f2-42be-9e68-fb052adb409a
Lazăr Suciu,lazărsuciu,lazărsuciu@141.ro,2690606215165,2014-01-30 00:00:00,"Drumul Manole Nr. 229 Bl. 69  Sc. 60 Ap. 489, Roman, 136706",0784 006 496,59:59:8d:d6:d1:ad,45.159.168.253,RO43HMZE5195342196642963,2025-05-05 12:55:15,590,766,219,869526,ca34d507-5634-4852-8bf4-3c838a6211bd
Eftimie Albu,eftimiealbu,eftimiealbu@kappa.ro,7760707269342,1964-09-18 00:00:00,"Drumul Pușcașu Nr. 418, Targu Lapus, 300264",0255 125 064,2c:6a:04:75:14:00,78.179.103.185,RO49NFLT5459343096827289,2025-05-05 12:55:15,28704,732,714,79869,4a6365d4-b28d-42d4-92b4-d63a7e30c647
Zamfir Tomescu,zamfirtomescu,zamfirtomescu@email.ro,3610914451825,1978-08-25 00:00:00,"Bulevardul Toma Nr. 573, Gheorgheni, 660781",0249 901 300,44:6d:05:f6:b9:ca,56.37.200.229,RO19VUXR1354304738322640,2025-05-05 12:55:15,32301,64,74,829134,263a8978-c235-4d86-9dfa-d6652cb313a7
Mihaela Ionescu,mihaelaionescu,mihaelaionescu@gmail.com,8110724077731,1995-04-15 00:00:00,"Aleea Stancu Nr. 67 Bl. 25  Sc. 98 Ap. 445, Lupeni, 661033",0738 954 728,4c:4c:95:48:6d:7d,177.237.207.179,RO23JIAY4362946399808011,2025-05-05 12:55:15,26301,990,720,849731,56d53766-a3b1-4c64-aba2-4cbfbb8447a3
Amalia Ardelean,amaliaardelean,amaliaardelean@kappa.ro,2150923381121,1937-04-06 00:00:00,"Aleea Dochia Diaconescu Nr. 689 Bl. 48  Sc. 88 Ap. 338, Intorsura Buzaului, 111887",0259 376 491,79:d0:1a:f2:67:a3,75.12.231.52,RO70JSMW0804968864756203,2025-05-05 12:55:15,9914,706,701,1931054,c59040e0-dcea-46d9-8454-523a6ebb9e0b
Leontin Diaconescu,leontindiaconescu,leontindiaconescu@kappa.ro,2600907011371,1937-03-29 00:00:00,"Aleea Nistor Nr. 669 Bl. 55  Sc. 22 Ap. 546, Sangeorgiu de Mures, 718433",0751 065 893,2f:bd:f7:47:19:36,26.24.74.72,RO83KPNW7632842684941701,2025-05-05 12:55:15,24490,93,147,1325181,0559725d-de6c-4e45-b8ae-4e6c7bdeec0e
Blanduzia Dinu,blanduziadinu,blanduziadinu@kappa.ro,8080312515538,1917-08-17 00:00:00,"Bulevardul Eric Tomescu, Ruscova, 246405",0252 001 466,69:8f:8d:68:a0:1b,18.113.82.1,RO73LKTU1586538637953173,2025-05-05 12:55:15,35952,425,217,1219524,10f6677f-ca68-40a9-bfc9-1df386956c47
Cristofor Tabacu,cristofortabacu,cristofortabacu@zzup.ro,7150112168198,1958-01-13 00:00:00,"Drumul Voinea, Titu, 699921",0244 325 300,ad:0d:42:54:43:62,47.239.254.58,RO05ZPGG9264269603961432,2025-05-05 12:55:15,17158,692,780,1962040,0494cbe6-c3aa-42f3-a3c6-57f4f5c7a204
Cedrin Stancu,cedrinstancu,cedrinstancu@email.ro,5490216136777,1980-10-12 00:00:00,"Aleea Theodor Mocanu Nr. 41 Bl. 81  Sc. 31 Ap. 474, Santana, 857029",0765 625 161,bd:9f:f8:07:2f:e4,19.185.242.146,RO53QVKQ8221241358439715,2025-05-05 12:55:15,15000,149,51,1487947,c79296d3-53be-439f-b208-2fa245315f61
Profira Ioniță,profiraioniță,profiraioniță@post.ro,8890526218364,1946-01-08 00:00:00,"Soseaua Manole Nr. 20, Tudora, 337599",0746 961 816,2b:e6:49:fb:b7:cc,57.29.45.164,RO15BBXD4864134261612207,2025-05-05 12:55:15,23810,405,188,1934,19f15353-4273-4628-a070-7e33cee88d8c
Cecilia Voinea,ceciliavoinea,ceciliavoinea@kappa.ro,3530418255498,1982-08-20 00:00:00,"Drumul Flavia Tabacu Nr. 95, Slatina, 777636",0727 023 387,57:23:2a:7b:d2:d0,103.26.99.53,RO06MNVM4150165490910707,2025-05-05 12:55:15,11268,553,270,15520,08c5ed47-9ba8-46c2-832a-0fc75c9c067f
Sonia Stan,soniastan,soniastan@email.ro,1970105037471,1926-01-06 00:00:00,"Soseaua Stoica, Gura Humorului, 569523",0245 336 707,44:18:b2:e7:ae:09,178.11.50.67,RO96ZCGD6005578606280353,2025-05-05 12:55:15,25551,618,28,1701589,ba6eee55-dd2d-4ae1-8792-6cc3ca51c800
Gențiana Ionescu,gențianaionescu,gențianaionescu@zzup.ro,4550815462290,2000-06-24 00:00:00,"Aleea Florea, Valea Mare (Negresti), 706694",0747 928 798,e2:b4:c3:80:9b:f4,220.222.89.90,RO38PWCQ0057442701868450,2025-05-05 12:55:15,27731,838,601,1077515,f3cd97c0-7037-43fe-a1a3-8ee085062269
Grațian Pușcașu,grațianpușcașu,grațianpușcașu@141.ro,5950718201212,1928-04-28 00:00:00,"Bulevardul Luana Gheorghiu Nr. 20, Sibiu, 812910",0254 438 420,23:70:7b:f0:72:5e,95.128.134.69,RO81BSMZ6896986149074740,2025-05-05 12:55:15,29063,181,600,366498,84a80b7f-9516-46f8-b223-9e5fa8302a5b
Antoniu Pop,antoniupop,antoniupop@acasa.ro,3980723458096,2013-01-15 00:00:00,"Bulevardul Suciu Nr. 65, Avrig, 598622",0725 391 597,4f:55:e2:72:65:39,35.72.74.98,RO77QKFK1449954448571538,2025-05-05 12:55:15,5337,802,412,564633,148eaefc-206a-41f7-b287-90455f47e506
Valentina Nistor,valentinanistor,valentinanistor@141.ro,3720518047776,1995-11-06 00:00:00,"Bulevardul Suciu, Copsa Mica, 960471",0243 126 011,57:3e:f2:f1:ed:69,133.143.43.198,RO20WAVB8705168366052564,2025-05-05 12:55:15,24653,729,543,1597730,a6829044-2f54-4bbc-9ff3-63bcab75c9ff
Paulica Ioniță,paulicaioniță,paulicaioniță@kappa.ro,1880520381951,1996-05-08 00:00:00,"Strada Stancu Nr. 89, Arad, 231217",0767 587 829,a3:ba:8f:45:0a:37,89.244.65.255,RO37ZMOY6360584211091156,2025-05-05 12:55:15,33798,422,97,1393174,9161a088-c77c-428f-98a9-7ce06107e272
Toma Diaconescu,tomadiaconescu,tomadiaconescu@acasa.ro,4880424446721,2021-07-23 00:00:00,"Soseaua Ioniță Nr. 28 Bl. 95  Sc. 43 Ap. 667, Constanta, 603127",0743 345 713,e8:15:52:20:e8:c0,18.25.231.217,RO04DAUR5665247342562256,2025-05-05 12:55:15,13858,255,203,1072822,476caae0-1b93-4ffc-9624-e0847cf203d9
Floare Manole,floaremanole,floaremanole@gmail.com,1250915198408,2003-10-19 00:00:00,"Soseaua Pop, Dragalina, 984787",0246 208 127,71:28:bb:95:ff:7d,159.151.63.29,RO91ARXH1878385462901733,2025-05-05 12:55:15,10631,167,551,978284,0a01db8a-11ba-4d2f-b4e3-e26a1c68b756
Darius Popescu,dariuspopescu,dariuspopescu@kappa.ro,4090222074644,1959-01-20 00:00:00,"Drumul Ioniță Nr. 856 Bl. 41  Sc. 98 Ap. 378, Curtici, 310075",0244 460 564,6b:05:da:0b:9a:7a,63.177.40.188,RO57JUAE3602513879796406,2025-05-05 12:55:15,21523,752,69,1397191,a245359d-5d84-4446-9c2f-d56fa55345a4
Marinela Dinu,marineladinu,marineladinu@acasa.ro,6221016182392,1964-02-25 00:00:00,"Drumul Gheorghiu Nr. 737, Galati, 791195",0262 347 636,37:ec:90:3c:8e:c3,42.199.35.207,RO95XQDT7624508619830253,2025-05-05 12:55:15,15549,621,550,1468951,054353d9-8fa6-4c6f-b17c-545fa4f21504
Vincențiu Barbu,vincențiubarbu,vincențiubarbu@gmail.com,8581108121835,2011-08-01 00:00:00,"Soseaua Cătălina Stoica, Bistrita, 464776",0767 358 002,90:36:a6:ad:2b:5e,184.105.92.156,RO80OFAE4877584051240218,2025-05-05 12:55:15,29466,176,474,160160,a8bce784-1dd0-4248-9693-36664976601a
Eusebia Georgescu,eusebiageorgescu,eusebiageorgescu@141.ro,3150813448673,1921-03-20 00:00:00,"Bulevardul Toma Nr. 227 Bl. 71  Sc. 49 Ap. 921, Tarnaveni, 406522",0763 132 926,a3:28:76:79:95:f6,118.100.53.100,RO88VAIJ3302463158358793,2025-05-05 12:55:15,9546,257,545,1185906,16165a64-070c-4989-8c51-7b12ee1dafda
Lavinia Tabacu,laviniatabacu,laviniatabacu@zzup.ro,2970602026175,1916-06-27 00:00:00,"Drumul Dinu Nr. 259, Focsani, 941177",0243 429 335,42:28:07:51:81:e7,83.49.67.236,RO12UGTJ1657795838462587,2025-05-05 12:55:15,3676,183,346,520701,8a121232-c8fb-49b2-8d9c-9a8ec75aabd7
Măriuca Stancu,măriucastancu,măriucastancu@141.ro,4070821019968,1918-01-03 00:00:00,"Soseaua Mărioara Stancu, Strejnicu, 644230",0238 716 258,76:c1:95:b2:ec:97,57.215.164.212,RO17JQTX1575604684646840,2025-05-05 12:55:15,35095,978,50,586487,19e4c4fd-d22e-4804-a676-bb29c176614b
Alina Nistor,alinanistor,alinanistor@141.ro,3980829430417,1951-11-18 00:00:00,"Intrarea Ortansa Mocanu, Lupeni, 104012",0711 964 986,ba:ca:ff:f7:6a:a6,118.140.66.240,RO20KOGP3043834145351712,2025-05-05 12:55:15,362,314,577,248466,956f4027-382c-4bbd-879f-8c76ecf34d11
Victor Ioniță,victorioniță,victorioniță@acasa.ro,3490316426554,1976-03-16 00:00:00,"Aleea Pop Nr. 66 Bl. 49  Sc. 90 Ap. 536, Pantelimon, 477839",0262 590 399,57:e0:92:67:5d:bb,7.99.151.15,RO52YNVV6449785428708511,2025-05-05 12:55:15,18921,535,322,196064,78f9a61c-10f6-4044-91f2-46c058dba973
Anghelina Ionescu,anghelinaionescu,anghelinaionescu@gmail.com,5010404465215,1923-09-23 00:00:00,"Soseaua Barbu Nr. 78, Lugoj, 708860",0245 074 668,54:b7:68:f7:dc:34,169.220.179.61,RO55XSQE4949284644443611,2025-05-05 12:55:15,8394,389,790,1724732,2d35c920-3627-40c4-a8f5-94adbd4aed93
Teea Oprea,teeaoprea,teeaoprea@kappa.ro,2590526396347,1963-08-24 00:00:00,"Aleea Ardelean, Pipera (Voluntari), 903364",0770 384 569,91:85:e8:81:3c:15,159.192.126.230,RO90BPPP9379969847277858,2025-05-05 12:55:15,35848,986,115,283249,9995c787-4135-4ccf-b78a-b6ce0b6970a9
Ștefana Tudor,ștefanatudor,ștefanatudor@gmail.com,8690622415608,2012-10-20 00:00:00,"Soseaua Tudor, Urlati, 609448",0247 247 321,0d:6d:8c:08:b0:b0,63.166.33.180,RO42WOFD7333014332528392,2025-05-05 12:55:15,19539,998,148,666721,c889bbb4-3163-4305-ac74-2ddc9bd8212e
Emilia Nistor,emilianistor,emilianistor@acasa.ro,1670122191560,2016-01-30 00:00:00,"Drumul Stoica, Rasnov Romacril, 854524",0761 974 174,c1:71:18:58:a2:af,42.123.235.179,RO77CDYN8220765395015274,2025-05-05 12:55:15,27231,210,306,818381,2f10de39-6258-4188-9387-03ffbdb0dbe9
Laurian Ardelean,laurianardelean,laurianardelean@email.ro,6870206350396,1971-12-25 00:00:00,"Soseaua Barbu, Amara, 120575",0740 947 812,8c:34:e9:8e:5c:de,4.175.248.78,RO76NCAM3585193151674811,2025-05-05 12:55:15,33414,160,96,622344,dc81b8fe-9951-405d-9a1f-c919e314eda1
Crina Stănescu,crinastănescu,crinastănescu@gmail.com,2600103404448,1998-06-19 00:00:00,"Drumul Manole Nr. 457, Lunca Cetatuii, 807573",0786 163 785,34:bb:dd:5c:8b:45,31.29.40.98,RO69UCKI3811150282162359,2025-05-05 12:55:15,6655,57,438,539835,b1d3f8c9-b0cc-4101-8966-f79ea127136d
Vicenția Voinea,vicențiavoinea,vicențiavoinea@gmail.com,1930508233908,1943-03-16 00:00:00,"Drumul Stoica Nr. 695, Rasnov Romacril, 348692",0734 750 448,be:6c:43:0a:7e:bb,73.91.163.22,RO14SBXX4213141949309822,2025-05-05 12:55:15,32789,995,761,840469,2f8be24f-954c-4dcb-8d80-6b4768279966
Dragoș Voinea,dragoșvoinea,dragoșvoinea@zzup.ro,5021109174841,1920-12-21 00:00:00,"Bulevardul Stănescu Nr. 58, Tulcea, 119527",0722 192 086,7b:97:de:3d:4f:00,71.96.68.204,RO72WROP2469152885321701,2025-05-05 12:55:15,23884,367,433,1803518,6b3d1cb8-c994-4680-98b3-5d270642123c
Alexandra Ababei,alexandraababei,alexandraababei@post.ro,4380327010457,1959-10-03 00:00:00,"Aleea Diaconescu Nr. 18, Sebis, 474202",0256 702 404,cb:db:a7:08:58:d5,68.207.68.45,RO48QEKN6141482052640069,2025-05-05 12:55:15,31407,889,466,1545396,d4b5af1c-1006-43f4-81d5-3e3162de8aaa
Clementina Pop,clementinapop,clementinapop@kappa.ro,5791226174858,1915-04-23 00:00:00,"Strada Florian Toma Nr. 74 Bl. 78  Sc. 34 Ap. 313, Branesti, 535268",0785 507 048,21:04:53:68:70:33,170.189.158.155,RO60GDVA5920214403008742,2025-05-05 12:55:15,17217,357,240,445389,ade70638-0d7e-47e4-b13e-d5af61695c42
Robertina Stancu,robertinastancu,robertinastancu@kappa.ro,1901114211498,1981-01-31 00:00:00,"Aleea Zamfir Pușcașu, Bosanci, 600216",0748 622 581,0f:f1:13:df:1d:a1,65.11.68.47,RO72VDHU9693049516152739,2025-05-05 12:55:15,20144,250,196,1306886,c3545b01-5fb4-4764-903a-d39b4c3e059b
Laura Dima,lauradima,lauradima@kappa.ro,1341203293481,2003-06-18 00:00:00,"Soseaua Stan, Busteni, 345684",0730 556 040,8f:89:46:b3:e9:84,139.255.217.253,RO74RZRX6858245762030536,2025-05-05 12:55:15,25995,46,719,1946183,8cafebd1-ea58-4336-9ae5-0b1b20aefdd6
Dafina Voinea,dafinavoinea,dafinavoinea@post.ro,5030604289334,1965-05-23 00:00:00,"Intrarea Bartolomeu Dobre Nr. 111 Bl. 85  Sc. 54 Ap. 442, Medias, 957433",0752 974 511,d9:9d:c5:75:f4:db,212.203.134.87,RO53OQII1646831754789242,2025-05-05 12:55:15,2726,830,511,1345200,4a6bd554-6e9f-4324-ad07-b9b4a5c9d3cb
Doina Mocanu,doinamocanu,doinamocanu@acasa.ro,3810123320188,1974-04-24 00:00:00,"Strada Ilinca Albu Nr. 72 Bl. 94  Sc. 66 Ap. 525, Campia Turzii, 152989",0769 979 042,17:f6:33:c8:e8:d2,91.100.120.105,RO42MLSQ8485834428430969,2025-05-05 12:55:15,29488,867,263,1548607,01c07b3d-781a-4dd3-865c-d50c16e15fc0
Gianina Nistor,gianinanistor,gianinanistor@acasa.ro,3650213190225,1912-07-10 00:00:00,"Bulevardul Cristea Nr. 64, Paunesti, 471166",0753 725 618,d2:f6:1d:32:1b:32,84.92.194.44,RO25UFTS5002634492478311,2025-05-05 12:55:15,11117,820,703,1379196,b8033497-295d-4ad5-82ce-72e186a18a6b
Evanghelina Marin,evanghelinamarin,evanghelinamarin@141.ro,5890213331141,1952-01-20 00:00:00,"Bulevardul Diaconu Nr. 828, Botosani, 125523",0743 813 564,5c:10:0d:84:47:5a,84.76.126.125,RO10GYVE6924509653968693,2025-05-05 12:55:15,24131,382,250,144812,43eab5ef-c0f4-447d-b919-7899e1659517
Frusina Tomescu,frusinatomescu,frusinatomescu@zzup.ro,1260515025187,1955-09-23 00:00:00,"Intrarea Alina Stan Nr. 929 Bl. 53  Sc. 21 Ap. 277, Videle, 547882",0784 496 124,ba:7b:08:5d:c7:47,12.15.81.248,RO88LJPY4494538938695185,2025-05-05 12:55:15,24933,531,550,638312,6ac88f50-a46f-4fa8-93d1-18ace6ec3dcb
Vlad Ioniță,vladioniță,vladioniță@141.ro,7670830058304,1962-08-15 00:00:00,"Aleea Stan Nr. 902, Sebis, 177940",0764 584 638,75:51:29:ae:6e:dd,46.231.130.207,RO44VVLA0531101366021980,2025-05-05 12:55:15,6061,208,144,633918,9bb554e6-2867-4a2d-a5d1-8d601d13b586
Lucrețiu Dinu,lucrețiudinu,lucrețiudinu@zzup.ro,7140714131432,1965-10-22 00:00:00,"Bulevardul Marin Nr. 422 Bl. 12  Sc. 70 Ap. 726, Oltenita, 547561",0721 188 084,91:ff:c9:bf:c2:cc,196.241.163.111,RO63BDZX9360737145660161,2025-05-05 12:55:15,11093,95,198,653773,25af5353-7f37-4638-9cb7-528ecf24828d
Iustinian Dumitrescu,iustiniandumitrescu,iustiniandumitrescu@zzup.ro,5700518376304,1975-05-10 00:00:00,"Soseaua Diaconu Nr. 56 Bl. 83  Sc. 30 Ap. 712, Rodna, 919648",0711 233 361,b2:2b:8c:a6:b5:28,3.20.94.19,RO68LYTR9662757036256417,2025-05-05 12:55:15,4957,198,53,772723,b55db61b-2a52-4075-8d22-62d8fb57462f
Veta Marin,vetamarin,vetamarin@gmail.com,8251201441164,1933-11-17 00:00:00,"Intrarea Dumitrescu Nr. 899, Vladimirescu, 495640",0751 542 759,5a:fd:82:e6:a4:d4,129.22.38.100,RO66XAGV4765327129540799,2025-05-05 12:55:15,2999,545,249,503167,61f72bec-2124-4c7f-8ed5-d3fbec0ce9c5
Iulia Florea,iuliaflorea,iuliaflorea@gmail.com,1771131050629,1982-08-20 00:00:00,"Bulevardul Bogdan Toma, Sovata, 563878",0745 556 902,bc:50:7c:62:34:d2,169.17.154.200,RO85ESAK8286788888918959,2025-05-05 12:55:15,22130,226,458,1641044,e1dd3d04-f5da-45d4-a7c2-77c745913349
Beniamin Dinu,beniamindinu,beniamindinu@zzup.ro,7280931338961,2014-05-19 00:00:00,"Soseaua Ardelean Nr. 16, Valea Mare (Babeni), 653535",0233 477 259,be:6f:88:98:14:0e,159.26.245.231,RO98QPWR0756616403509117,2025-05-05 12:55:15,19331,278,206,1744247,0a2f1aaf-63fe-4812-8b79-ebd8c6825413
Marilena Ene,marilenaene,marilenaene@kappa.ro,4530708039001,1940-01-10 00:00:00,"Strada Aglaia Stancu Nr. 71 Bl. 54  Sc. 78 Ap. 323, Babadag, 328203",0260 934 424,03:d0:74:bf:b6:a9,106.213.218.94,RO96CXIY6902647795015999,2025-05-05 12:55:15,15074,551,546,347418,9553d66d-bd7e-4a2d-97c4-4ac22924f97c
Varvara Florea,varvaraflorea,varvaraflorea@141.ro,8061216232543,1916-11-19 00:00:00,"Aleea Ioniță Nr. 788 Bl. 41  Sc. 41 Ap. 166, Lunca Cetatuii, 439497",0256 046 738,e9:94:79:47:70:cb,98.50.254.40,RO79DFQF4729022310594451,2025-05-05 12:55:15,24641,586,74,205361,3fd16d5d-b67b-4b7b-8b84-0fa477a1d045
Codruț Voinea,codruțvoinea,codruțvoinea@141.ro,8020113368860,1928-01-04 00:00:00,"Soseaua Pop Nr. 220, Bosanci, 166514",0258 636 793,d7:18:3b:b4:a8:e7,124.197.127.231,RO04SQQT3587103250852936,2025-05-05 12:55:15,15121,884,474,778082,0f8deaf9-4b45-49d3-a219-ee29b80f2a89
Aurelian Ioniță,aurelianioniță,aurelianioniță@post.ro,7411002371431,1992-07-03 00:00:00,"Bulevardul Dobre Nr. 21 Bl. 78  Sc. 27 Ap. 475, Breaza de Sus, 128822",0265 153 008,5c:fc:f9:1e:ae:ce,47.84.76.25,RO52UUVS5123283006073802,2025-05-05 12:55:15,2284,153,475,189550,d3ff70a8-0e43-487f-9e2f-0a8e0a7a9a4a
Amalia Ioniță,amaliaioniță,amaliaioniță@acasa.ro,6890503181410,1940-04-25 00:00:00,"Intrarea Voinea, Baia Mare, 917997",0244 830 943,84:c0:c0:f9:a0:a1,44.187.191.236,RO69TVBF3342652761110813,2025-05-05 12:55:15,26693,642,760,1154753,fee878ed-133e-4224-9c39-3a40bd422295
Georgian Toma,georgiantoma,georgiantoma@post.ro,8060105016579,1934-02-07 00:00:00,"Bulevardul Tatiana Dima Nr. 576 Bl. 65  Sc. 34 Ap. 269, Tuzla, 334057",0768 917 055,8a:03:5e:74:ba:09,138.116.133.17,RO75GYDL1613279430362957,2025-05-05 12:55:15,31113,749,206,31146,96f33f9d-ec3a-4f1c-87bd-fcb0d946ea51
Marcheta Popa,marchetapopa,marchetapopa@gmail.com,4461215061240,1972-12-09 00:00:00,"Soseaua Nora Marin, Valu lui Traian, 504380",0737 877 618,5f:8c:57:a2:29:9f,108.38.135.188,RO11PPEJ1992398683322042,2025-05-05 12:55:15,3439,285,94,870887,b6c0f35c-34fb-415c-80c9-6b730de64c7d
Nadia Tabacu,nadiatabacu,nadiatabacu@zzup.ro,8550401286505,2015-09-03 00:00:00,"Aleea Jean Stancu Nr. 962 Bl. 92  Sc. 66 Ap. 402, Simleu Silvaniei, 462717",0764 478 332,62:b4:3f:d3:44:e8,16.183.31.192,RO04DIME8612213019207661,2025-05-05 12:55:15,20483,494,544,1000636,4e35c0a8-1323-432b-8a0b-977363938c44
Anatolie Stoica,anatoliestoica,anatoliestoica@141.ro,8001218166843,1986-10-03 00:00:00,"Drumul Dima Nr. 99 Bl. 38  Sc. 43 Ap. 671, Afumati, 604648",0265 579 622,19:d6:d4:e0:8e:2c,139.119.31.25,RO50YYLC3324482157819176,2025-05-05 12:55:15,20286,881,132,417369,cf0a5702-3921-40f1-8730-2c5b5a35a137
Benone Mazilescu,benonemazilescu,benonemazilescu@gmail.com,8531204270043,1947-09-04 00:00:00,"Aleea Dima, Tasnad, 903750",0728 231 827,e4:d4:7f:03:85:3f,156.85.49.17,RO46CHLQ6456464278327915,2025-05-05 12:55:15,24497,453,682,958312,5006a802-2557-42e1-bf1f-b65b947c95b2
Veniamin Suciu,veniaminsuciu,veniaminsuciu@kappa.ro,5311012140598,2007-05-25 00:00:00,"Bulevardul Sebastian Pușcașu Nr. 698 Bl. 67  Sc. 38 Ap. 671, Rasinari, 653884",0739 324 534,d0:fe:a7:46:2c:ca,133.169.132.216,RO54OFLI2944085535202073,2025-05-05 12:55:15,18789,171,75,1971942,2adf2a5c-3568-4039-b6ba-0cfcaf54e0e8
Vera Dima,veradima,veradima@email.ro,3191206224802,2002-10-19 00:00:00,"Soseaua Dochioiu Nr. 697, Boldesti-Scaeni, 596330",0249 461 566,b2:76:81:0b:c8:c6,140.155.207.237,RO06YKIV4683356828042321,2025-05-05 12:55:15,9856,69,752,85736,2edcff16-b807-4180-9539-c79e99bc029c
Ionel Ioniță,ionelioniță,ionelioniță@141.ro,8730613164259,1965-06-15 00:00:00,"Intrarea Adonis Ababei Nr. 53, Sacueni, 895001",0269 483 615,ab:f7:d2:43:96:e4,64.178.22.193,RO72TLJU8887245220400944,2025-05-05 12:55:15,13283,675,569,1182521,bb4c3e21-f2d4-4be6-9060-dca317fa7f88
Ortansa Tomescu,ortansatomescu,ortansatomescu@141.ro,8640113115856,1939-07-26 00:00:00,"Intrarea Florea, Dej, 500898",0748 742 067,bb:d9:ba:00:41:7b,163.153.216.136,RO24JLKA8013372139399673,2025-05-05 12:55:15,24932,930,473,1195174,a0c4fa1e-bec5-4dc2-9ab4-0ba848c011cf
Ozana Georgescu,ozanageorgescu,ozanageorgescu@gmail.com,5360811280694,1998-12-09 00:00:00,"Strada Dumitrescu Nr. 30, Constanta, 345455",0244 993 880,f5:55:f0:e3:a0:2f,121.33.51.98,RO91PJSB4811067132287824,2025-05-05 12:55:15,7879,456,457,1499932,be8abccf-048c-4ddf-b2ad-1b03a80a4732
Victor Manole,victormanole,victormanole@zzup.ro,4560813382349,1969-09-03 00:00:00,"Intrarea Codruț Tudor Nr. 562, Maieru, 307352",0256 438 285,24:f5:59:ac:ec:25,55.112.190.161,RO66VEAD7025764206733049,2025-05-05 12:55:15,3983,505,671,1573556,a41ba27a-b0a1-4d02-9ee8-a9030c52993c
Cezara Dochioiu,cezaradochioiu,cezaradochioiu@gmail.com,5710817414252,2023-02-09 00:00:00,"Soseaua Stoica Nr. 80 Bl. 80  Sc. 82 Ap. 203, Sfantu Gheorghe, 299310",0745 150 236,49:b8:b9:c3:8a:60,50.68.86.60,RO91VYCB5467038204069460,2025-05-05 12:55:15,16202,272,90,651378,d36b13b9-15be-40a2-a960-781b4488df84
Dominic Gheorghiu,dominicgheorghiu,dominicgheorghiu@gmail.com,2790819512398,1931-06-16 00:00:00,"Intrarea Niță Nr. 892 Bl. 71  Sc. 13 Ap. 252, Plosca, 233219",0765 037 565,75:8c:b8:82:a5:31,5.120.200.221,RO23VPLS2017334013938292,2025-05-05 12:55:15,23648,38,571,731525,da3d9782-938a-44bb-9848-32cb500d69a7
Lascăr Ionescu,lascărionescu,lascărionescu@gmail.com,5090913326682,1981-12-28 00:00:00,"Strada Florea Stănescu, Balan, 436108",0760 602 913,65:4d:3b:b9:02:d6,20.92.47.155,RO16WOMP4307213659429913,2025-05-05 12:55:15,35802,563,213,331694,6b7c0b2e-2b4e-4622-8ad5-b88d42269869
Ilona Toma,ilonatoma,ilonatoma@141.ro,2910721182355,1995-12-21 00:00:00,"Bulevardul Aanei Nr. 30, Rasinari, 271226",0735 505 542,78:66:e6:77:49:2d,98.176.221.175,RO07QUNG2982771476706157,2025-05-05 12:55:15,17958,490,0,1126265,5b3d63d2-6094-4674-84b4-1290493330d1
Codrin Preda,codrinpreda,codrinpreda@zzup.ro,7430414126864,1911-01-13 00:00:00,"Soseaua Nemeș, Oravita, 377722",0236 021 972,b8:b0:2a:5e:85:cb,159.65.28.143,RO29LPXJ9621334865493786,2025-05-05 12:55:15,6806,952,285,1286017,ff95fa0d-fec5-4860-8c00-b7a4a75d8ec4
Dida Aanei,didaaanei,didaaanei@zzup.ro,2080917442534,1969-07-03 00:00:00,"Soseaua Silvana Manole Nr. 361, Mogosoaia, 907578",0239 361 668,c5:c8:e4:31:5b:85,91.202.206.42,RO66NKWI9998035138169202,2025-05-05 12:55:15,20788,199,324,845636,96dbd9ea-2ef8-435f-b902-feef0ae86cb1
Decebal Ionescu,decebalionescu,decebalionescu@post.ro,7430723028621,2021-08-02 00:00:00,"Aleea Preda Nr. 985, Peretu, 311458",0788 199 604,0f:c3:9f:da:5c:b9,201.115.200.163,RO94WUBQ5795327693654956,2025-05-05 12:55:15,13488,379,14,1023765,5963132e-494d-4da1-957c-af2d2c26e413
Jenel Stancu,jenelstancu,jenelstancu@acasa.ro,5940309121954,2018-01-29 00:00:00,"Drumul Leontin Mocanu Nr. 21 Bl. 60  Sc. 36 Ap. 775, Petrila, 464514",0246 529 513,d7:af:b6:78:ee:dc,29.71.96.40,RO61XZDR4146751048377880,2025-05-05 12:55:15,16267,169,539,1079937,1392e916-9b38-4830-b60a-e34320256d27
Clara Voinea,claravoinea,claravoinea@email.ro,5350405357203,1995-04-04 00:00:00,"Intrarea Ioniță Nr. 18 Bl. 34  Sc. 42 Ap. 815, Zalau, 699877",0770 214 014,0e:7c:68:d9:ff:6b,16.104.70.130,RO87VQXW5264843386519335,2025-05-05 12:55:15,26167,375,492,1645518,22b11179-0f19-4c8d-ac75-bcc4b98d7046
Marian Stănescu,marianstănescu,marianstănescu@post.ro,4010523063010,1933-03-14 00:00:00,"Bulevardul Niță Nr. 101 Bl. 71  Sc. 49 Ap. 979, Targu Lapus, 716632",0731 138 770,9f:5d:f9:a7:24:cc,86.166.217.243,RO77JIOU4244228306628180,2025-05-05 12:55:15,22853,88,251,302163,5e6612b4-d132-4606-971c-ec329b325e97
Casian Pop,casianpop,casianpop@acasa.ro,4330806348610,1929-01-13 00:00:00,"Drumul Dumitrescu Nr. 847 Bl. 18  Sc. 27 Ap. 791, Filiasi, 166705",0735 800 143,7a:1d:52:80:66:b3,191.153.31.240,RO95IXNH8456251113838513,2025-05-05 12:55:15,31199,416,618,1060131,94fdddf5-6a7a-4595-9dc0-659694b07106
Alexandra Tabacu,alexandratabacu,alexandratabacu@email.ro,8370403192841,1987-12-11 00:00:00,"Strada Tomescu, Medgidia, 174474",0755 577 696,1a:b4:e1:e7:d3:23,215.33.82.20,RO85RLQM7147090084887291,2025-05-05 12:55:15,22435,158,571,416823,a0e37a40-9684-49be-9b52-aeed9ee5100e
Adela Nemeș,adelanemeș,adelanemeș@email.ro,7911104389168,1972-12-28 00:00:00,"Bulevardul Liviu Manole, Targu Jiu, 754584",0238 041 192,b6:e6:fc:42:fc:2f,217.69.78.92,RO93MTVI3802842615852719,2025-05-05 12:55:15,28375,537,508,1305468,1cb285b7-8300-4eb0-8c15-62905203e5ee
Nicușor Ene,nicușorene,nicușorene@acasa.ro,6710802446779,2001-11-09 00:00:00,"Soseaua Ene Nr. 72, Ianca, 815110",0231 781 655,4b:d5:c9:33:85:c9,139.194.167.123,RO91BUBN3670906125385044,2025-05-05 12:55:15,33811,231,500,1021251,82149b08-c466-42a2-8ef4-964e3e791269
Iridenta Stănescu,iridentastănescu,iridentastănescu@kappa.ro,3750426063387,1918-07-17 00:00:00,"Aleea Barbu, Rovinari, 401301",0770 648 926,1e:c8:0f:a3:e3:47,52.103.215.56,RO60HOLZ0281716282217494,2025-05-05 12:55:15,12099,531,709,66413,d3f64e2e-75c4-4e73-843f-a6d21ea97450
Victor Dumitrescu,victordumitrescu,victordumitrescu@141.ro,2800408081108,1984-07-19 00:00:00,"Drumul Luiza Dinu Nr. 72, Sfantu Gheorghe, 471682",0736 457 285,85:94:4b:ac:70:0a,12.177.167.210,RO46RCLX8868725664702742,2025-05-05 12:55:15,1928,184,114,1446165,c8e828dd-f21f-42ac-94fb-813a2455802b
Giorgian Niță,giorgianniță,giorgianniță@email.ro,2820231094852,1937-10-13 00:00:00,"Bulevardul Pușcașu Nr. 402, Giroc, 593455",0250 447 085,97:33:0d:6a:ac:af,20.171.79.32,RO84YPLS3014284995691832,2025-05-05 12:55:15,18928,414,304,408045,cca00d70-9167-45bb-a954-44442f8710b2
Silviu Nistor,silviunistor,silviunistor@email.ro,5700315059074,2025-03-11 00:00:00,"Aleea Eftimie Nr. 153 Bl. 88  Sc. 80 Ap. 351, Tulcea, 315982",0757 706 917,df:38:7a:47:4b:aa,103.111.181.212,RO23SWNQ8229540630547667,2025-05-05 12:55:15,5421,592,84,1214331,110024ad-7ab2-4434-b6e1-4742805fbb71
Arina Diaconescu,arinadiaconescu,arinadiaconescu@acasa.ro,2441219449186,2021-07-03 00:00:00,"Soseaua Stan Nr. 51, Mizil, 730794",0235 241 790,5b:49:c4:b7:ce:53,111.199.136.49,RO10KORW9338940174770967,2025-05-05 12:55:15,12156,421,631,1587349,c9bd7cfc-53a4-4cbc-bfd7-133adf3dd6e6
Olimpian Aanei,olimpianaanei,olimpianaanei@acasa.ro,7080727461681,1951-12-18 00:00:00,"Aleea Nemeș Nr. 861, Gherla, 105765",0780 267 269,54:7a:21:d1:54:9e,182.36.8.2,RO19ZYHZ8003808411261779,2025-05-05 12:55:15,12223,792,295,1321628,05bb3699-a52b-433b-938f-fe6fea4da836
Elena Voinea,elenavoinea,elenavoinea@email.ro,4401004378290,1940-12-21 00:00:00,"Aleea Pop, Dumbraveni, 178839",0738 729 585,22:3a:63:5a:53:dc,149.250.100.104,RO91AJTC7430377822287105,2025-05-05 12:55:15,6417,284,124,214179,3437f203-886a-42c3-abe6-70511b6e64e1
Evelina Nistor,evelinanistor,evelinanistor@acasa.ro,3410419259241,1956-10-25 00:00:00,"Drumul Ilona Barbu Nr. 67, Fieni, 670627",0766 604 144,10:99:09:02:4e:57,5.32.105.251,RO10YOTP5169332042204667,2025-05-05 12:55:15,19959,75,407,1302890,a50e2cd3-c84d-4bb0-9744-94d31095242f
Mircea Albu,mirceaalbu,mirceaalbu@141.ro,1031020412155,1968-08-07 00:00:00,"Bulevardul Antoniu Nistor Nr. 53, Comanesti, 888609",0735 532 200,83:34:e4:a8:f8:f5,154.4.137.104,RO94GRKP8285692985247463,2025-05-05 12:55:15,13774,246,157,623617,39eb7b18-8a76-45fc-9644-be8a6a3d761c
Luana Suciu,luanasuciu,luanasuciu@141.ro,2940322093231,1922-08-05 00:00:00,"Bulevardul Sandu Ene, Jimbolia, 198788",0264 501 932,70:02:ee:47:9c:d1,199.49.62.253,RO91XOWY5361382904040280,2025-05-05 12:55:15,33348,341,255,1221186,5e076df6-d638-4b09-a086-9be243b8feff
Augustin Stancu,augustinstancu,augustinstancu@gmail.com,1870914022470,2024-08-28 00:00:00,"Strada Fiona Toma, Babeni, 715472",0731 879 413,58:b5:0c:5f:63:b4,160.152.78.148,RO55CERC3827061653868017,2025-05-05 12:55:15,19678,502,522,97221,f0897f91-b01e-4a92-be4c-eb5e5c71aa7b
Cătălin Voinea,cătălinvoinea,cătălinvoinea@gmail.com,6520623373991,1927-08-12 00:00:00,"Strada Eftimie Nr. 984 Bl. 42  Sc. 35 Ap. 745, Chitila, 913933",0763 489 637,48:8e:ef:59:16:eb,119.58.8.201,RO74QNLA0719964024547384,2025-05-05 12:55:15,17644,534,689,1125525,2f060d15-5334-4ea2-96a6-a6baf25ddda8
Francesca Eftimie,francescaeftimie,francescaeftimie@post.ro,2070316436937,1972-07-24 00:00:00,"Drumul Basarab Popescu Nr. 526 Bl. 80  Sc. 84 Ap. 679, Dragalina, 469423",0755 065 972,4b:09:10:7e:58:c4,12.161.24.132,RO18SVOR8150367363117356,2025-05-05 12:55:15,10557,414,45,1779573,e592c173-b05f-49c5-9560-0a18819a7062
Luana Oprea,luanaoprea,luanaoprea@acasa.ro,8330304345010,1910-09-10 00:00:00,"Strada Liviu Ene, Dumbravita, 403957",0254 982 355,af:5a:cd:18:5d:2a,172.165.200.41,RO06GDAG7962762002172130,2025-05-05 12:55:15,6754,772,65,1296114,86f280c0-0e04-452b-9d37-4e733f02e9e3
Lucențiu Nistor,lucențiunistor,lucențiunistor@email.ro,6660528398101,1971-08-06 00:00:00,"Soseaua Mona Gheorghiu, Marasesti, 677793",0258 568 929,0c:0f:5e:52:91:ea,217.104.50.144,RO54RBSW2458000101532938,2025-05-05 12:55:15,1717,765,106,446389,8dc33f4c-7a8c-4b7f-8210-021bfd72c445
Iuliana Voinea,iulianavoinea,iulianavoinea@post.ro,2950625200761,2020-08-15 00:00:00,"Aleea Dochioiu Nr. 268, Urlati, 821394",0239 318 411,b2:4b:c5:d3:51:f0,120.182.175.122,RO14XMQT2288092759085242,2025-05-05 12:55:15,8401,142,112,105476,a51cee95-89d4-487e-a893-659df61ebc3a
Haralambie Popescu,haralambiepopescu,haralambiepopescu@email.ro,6610723419321,1968-03-24 00:00:00,"Soseaua Ioniță, Adjud, 979147",0253 210 596,24:5c:2e:9d:40:d3,175.139.193.103,RO75SIUR5960757373138413,2025-05-05 12:55:15,3534,827,363,1271489,6a3c212f-01a8-4c0a-aa4b-e55afc0a9da7
Clara Toma,claratoma,claratoma@kappa.ro,3501018039522,1986-06-10 00:00:00,"Drumul Patricia Gheorghiu Nr. 77, Moinesti, 367172",0765 600 071,52:f4:3a:a8:a5:04,67.92.205.116,RO91FOER3826825313774191,2025-05-05 12:55:15,11674,994,521,1207302,0836f46f-3b48-41b0-8efa-9f15e8bf5600
Sonia Dima,soniadima,soniadima@acasa.ro,6700631212461,2000-04-10 00:00:00,"Strada Avram Tudor Nr. 739 Bl. 28  Sc. 20 Ap. 877, Vicovu de Jos, 645825",0739 548 708,2b:a1:34:64:08:8b,141.78.116.251,RO41RFBO8983999627086751,2025-05-05 12:55:15,5750,898,600,1385898,2083d376-b5a8-46c1-9e8b-1f551eb6786d
Bebe Popa,bebepopa,bebepopa@zzup.ro,2881121339799,2024-09-12 00:00:00,"Bulevardul Dinu Nr. 257 Bl. 31  Sc. 92 Ap. 477, Vaslui, 410021",0250 269 282,ad:44:e4:7a:a1:a3,163.87.100.0,RO47BOSI7808774613043092,2025-05-05 12:55:15,24771,684,686,1902952,07f1202f-1a08-47ff-8c96-6a227f18cb66
Draga Diaconu,dragadiaconu,dragadiaconu@acasa.ro,1481203440963,1946-01-16 00:00:00,"Intrarea Nemeș Nr. 547, Sancraiu de Mures, 540776",0747 436 994,67:63:1d:94:9a:b9,217.26.202.151,RO33ZQJO7613611972086359,2025-05-05 12:55:15,13270,135,742,1138580,d2595105-3384-4870-b592-48d88c3deb9b
Mărioara Dochioiu,mărioaradochioiu,mărioaradochioiu@email.ro,4051103013514,1980-12-29 00:00:00,"Drumul Gheorghiu, Moldova Veche, 310492",0724 087 328,2f:c7:5e:e6:19:fd,215.209.139.250,RO03GMAY3694038863718375,2025-05-05 12:55:15,14625,190,362,1271516,48f8e0af-54cd-40c4-b547-af1f16fa877c
Profira Florea,profiraflorea,profiraflorea@141.ro,8321225511891,1998-03-01 00:00:00,"Soseaua Gicu Mazilescu Nr. 620, Magurele, 329848",0761 402 136,fc:1a:d8:e4:6a:78,116.112.8.88,RO08UKKI7803508826669539,2025-05-05 12:55:15,7902,778,225,800711,ae86cef2-0e92-4d8a-8935-ae506ba08b7e
Mihail Manole,mihailmanole,mihailmanole@post.ro,4090308423707,2000-12-21 00:00:00,"Bulevardul Axenia Niță, Seini, 386214",0258 151 639,9a:18:aa:e6:b7:3f,121.174.76.237,RO27WTLP7580424979129501,2025-05-05 12:55:15,21579,737,193,1142115,2032b841-1c3d-48fa-a817-061c0902c988
Mircea Georgescu,mirceageorgescu,mirceageorgescu@gmail.com,1230913047702,2012-07-08 00:00:00,"Soseaua Diaconescu Nr. 582, Valea Mare (Babeni), 559394",0233 691 224,ce:44:bb:1d:11:dd,66.228.161.191,RO40WGJY5757683970377420,2025-05-05 12:55:15,4444,60,84,88492,1ef64359-cd80-4836-b259-d1eb6fff4aa9
Cedrin Diaconescu,cedrindiaconescu,cedrindiaconescu@zzup.ro,2380924143985,2016-09-08 00:00:00,"Drumul Ionescu Nr. 421 Bl. 73  Sc. 78 Ap. 579, Ocna Mures, 474553",0759 007 939,c7:43:3a:06:49:69,87.39.48.176,RO31HRFW9450423662729672,2025-05-05 12:55:15,2856,236,297,1449513,3f59c1f6-0919-4bda-af2f-135fa78778c4
Avram Popescu,avrampopescu,avrampopescu@email.ro,6190703019180,1982-11-14 00:00:00,"Drumul Marin, Titu, 842410",0248 893 536,15:ab:01:63:c4:9c,61.202.102.239,RO16QGVE7169657368989647,2025-05-05 12:55:15,7185,645,380,1346319,603aa93f-b2d3-49e0-a7aa-a2733abbf99f
Codrin Diaconu,codrindiaconu,codrindiaconu@email.ro,4510605122073,1991-01-04 00:00:00,"Aleea Mazilescu, Corabia, 720110",0761 373 905,05:c9:c9:f4:ac:d8,204.192.215.72,RO27NUOH1380210678697688,2025-05-05 12:55:15,14902,428,742,291809,cebf0755-367a-4f49-82fa-66cc41d0427c
Andreea Diaconescu,andreeadiaconescu,andreeadiaconescu@gmail.com,1020511202593,1945-04-08 00:00:00,"Bulevardul Aurora Tudor, Valea lui Mihai, 332543",0788 304 614,44:46:fd:7c:9b:d7,96.165.70.136,RO37XHXX1978830501149208,2025-05-05 12:55:15,6570,819,20,1342756,5d702e3a-fd52-40fb-af55-e30ceae6a57b
Olga Florea,olgaflorea,olgaflorea@zzup.ro,5770416096872,1971-05-11 00:00:00,"Drumul Roxelana Tudor Nr. 59, Bals, 506277",0738 020 209,12:69:49:c5:a0:03,191.222.129.9,RO50ZYXP5962573666047255,2025-05-05 12:55:15,11063,667,158,463598,699365cd-3303-4631-b21a-aedbab478834
Blanduzia Voinea,blanduziavoinea,blanduziavoinea@141.ro,6420311179311,1972-11-24 00:00:00,"Strada Popa Nr. 70, Moinesti, 925020",0231 033 691,6e:f7:8f:ff:c2:2d,89.47.31.184,RO25EKBO7961185264183433,2025-05-05 12:55:15,13218,346,33,1331767,cfeb213e-6a47-4b97-82a2-8602a7fb0c9e
Julia Gheorghiu,juliagheorghiu,juliagheorghiu@post.ro,6950513387030,2011-09-04 00:00:00,"Drumul Elodia Nemeș Nr. 26 Bl. 43  Sc. 94 Ap. 227, Baia Sprie, 393235",0748 628 059,5e:d7:0f:11:61:75,85.129.16.150,RO76ALTJ5160276619120538,2025-05-05 12:55:15,1589,637,564,1123978,2f3ce652-ea07-4104-bea2-646c8d56dbe1
Livia Barbu,liviabarbu,liviabarbu@kappa.ro,6200215250364,1954-06-28 00:00:00,"Strada Ioniță, Bacau, 310055",0260 764 874,c7:59:57:72:3c:d0,80.164.7.150,RO23GUYW1175915954755162,2025-05-05 12:55:15,28897,469,381,1132484,467ab3a9-b847-4b76-9822-3635f143b332
Elvira Mocanu,elviramocanu,elviramocanu@acasa.ro,5320826224141,1958-01-12 00:00:00,"Aleea Antonia Toma, Beius, 603200",0728 334 053,a7:04:90:05:1b:10,86.176.3.171,RO43EBUT1197036020323166,2025-05-05 12:55:15,35449,288,515,1650010,0687e920-be02-4980-8a95-1934534f9313
Dalia Dochioiu,daliadochioiu,daliadochioiu@zzup.ro,8590519146353,1940-07-15 00:00:00,"Intrarea Smaranda Cristea Nr. 283, Hateg, 567984",0711 120 619,0c:cd:30:1a:31:59,80.123.131.241,RO66FHIN4694649367802227,2025-05-05 12:55:15,32841,12,560,1794326,04fc90e2-1889-4bfe-b8f4-5516566f4a34
Draga Aanei,dragaaanei,dragaaanei@kappa.ro,3490728038886,1941-01-03 00:00:00,"Aleea Suciu Nr. 885 Bl. 88  Sc. 74 Ap. 901, Seini, 156785",0237 382 562,cf:3e:fc:70:84:b6,27.142.61.140,RO26YRJX4210591834128612,2025-05-05 12:55:15,26946,483,96,446091,be7166df-76c4-4d60-b8f3-3439500db48a
Violeta Florea,violetaflorea,violetaflorea@acasa.ro,2990713349644,1998-09-16 00:00:00,"Soseaua Manole, Motru, 600687",0244 324 036,a5:87:49:27:25:0e,25.158.59.112,RO58HOMM4278912359624440,2025-05-05 12:55:15,8056,905,415,1121531,e80bceca-1c61-4938-8714-9a7ea5a3f7a7
Casian Diaconu,casiandiaconu,casiandiaconu@email.ro,6210217316786,2023-12-20 00:00:00,"Drumul Pușcașu, Slatina, 669534",0262 948 266,0b:c3:7d:27:ff:e5,39.222.77.98,RO16TOOL2084732358686210,2025-05-05 12:55:15,779,629,726,1630289,b4e3b85d-fefb-40de-a98e-4cfa53303600
Aurica Dochioiu,auricadochioiu,auricadochioiu@email.ro,5880928080202,1950-12-19 00:00:00,"Intrarea Ionescu, Tudora, 737605",0754 775 573,3b:3d:68:b6:82:80,124.254.208.249,RO64MXFM0620126347914437,2025-05-05 12:55:15,4464,691,445,359575,a44b6624-20f3-45d4-ac2b-f56ada0babe8
Anda Popa,andapopa,andapopa@acasa.ro,7941026428252,1987-10-29 00:00:00,"Soseaua Tabacu Nr. 20, Cudalbi, 677517",0736 325 841,41:01:aa:3c:08:91,184.98.245.49,RO23FCPS4646731825914033,2025-05-05 12:55:15,35136,518,358,1476893,eb15016a-673a-442c-b93d-5a31b0a35354
Ludovica Dima,ludovicadima,ludovicadima@zzup.ro,7860215305301,2003-10-05 00:00:00,"Aleea Albu, Marginea, 514999",0234 722 880,e5:3a:7f:b6:f9:ac,62.141.136.238,RO25QUJU5689455848256003,2025-05-05 12:55:15,35296,189,534,1598766,13fdc6c4-d2fc-44e4-8732-07875e373398
Profira Florea,profiraflorea,profiraflorea@email.ro,5320315297071,1944-09-28 00:00:00,"Drumul Pop, Murfatlar, 971089",0754 867 909,e7:e2:22:af:a8:b2,210.247.0.158,RO46IJOQ7152141627048410,2025-05-05 12:55:15,14783,754,708,486724,70e0a3c9-e479-4ea9-be3a-3ae56281906d
Agripina Ardelean,agripinaardelean,agripinaardelean@post.ro,3561020253990,1979-12-09 00:00:00,"Soseaua Eftimie, Gheorgheni, 493321",0737 743 046,b3:e2:ba:5f:4f:d9,53.170.29.49,RO67YUDO3380930132595454,2025-05-05 12:55:15,700,273,614,6975,ee7ec759-d1d2-4678-bd25-b5ebff47e787
Pleșu Dochioiu,pleșudochioiu,pleșudochioiu@zzup.ro,5730210206423,2022-09-11 00:00:00,"Aleea Toma Nr. 14, Anina, 403186",0759 023 640,49:04:63:5c:8d:b6,2.208.217.182,RO87COVV4680074377878619,2025-05-05 12:55:15,28626,977,319,119279,0968881b-b5a7-4c38-acf6-bc5fded4c939
Damian Nistor,damiannistor,damiannistor@kappa.ro,5430206190484,1991-12-11 00:00:00,"Intrarea Eliana Stoica Nr. 883, Motatei, 628722",0785 238 460,fe:f3:fb:03:53:73,65.156.78.26,RO55DGFR6034729154422378,2025-05-05 12:55:15,16857,924,504,1068575,03b9ee3c-6f3e-4640-bf11-8d365db977f7
Lascăr Nemeș,lascărnemeș,lascărnemeș@kappa.ro,3390526249682,1971-08-21 00:00:00,"Intrarea Florea Nr. 209 Bl. 73  Sc. 48 Ap. 348, Teius, 504445",0248 315 021,af:dc:0f:17:20:ee,199.169.47.50,RO32TODF3934158282059755,2025-05-05 12:55:15,5146,168,47,428849,52ef7ce4-4ed5-4fb5-9bc8-7c41d1f2a22b
Roberta Marin,robertamarin,robertamarin@email.ro,4420608525528,2008-11-14 00:00:00,"Intrarea Ladislau Stan Nr. 932, Bals, 535221",0748 351 705,48:16:bc:c3:9e:4e,73.90.208.228,RO03QMAS5928124108062725,2025-05-05 12:55:15,29185,471,234,1713468,7db702ef-b3fc-426b-ae19-6ae7a96fc6f7
Ivan Aanei,ivanaanei,ivanaanei@gmail.com,8971002168674,1915-06-14 00:00:00,"Intrarea Nistor Nr. 930 Bl. 21  Sc. 28 Ap. 927, Techirghiol, 775469",0260 103 535,79:b8:27:71:47:17,204.96.165.100,RO23HEMD6184816453354662,2025-05-05 12:55:15,14161,848,103,310642,cec17060-e27c-4432-ad0f-1bca6c0993af
Simona Dobre,simonadobre,simonadobre@acasa.ro,2140106204835,1925-02-15 00:00:00,"Strada Diaconu Nr. 43, Salonta, 437603",0236 338 319,a6:97:3b:1f:af:1e,124.236.120.200,RO87ENLZ1745392082475331,2025-05-05 12:55:15,12225,43,42,281682,2c444e0e-43c8-4dfc-b883-2b79d7b2d441
Ilona Pop,ilonapop,ilonapop@kappa.ro,8321011349519,1953-08-28 00:00:00,"Strada Ioniță, Macin, 105027",0246 574 742,60:61:b2:e4:cb:6c,167.51.0.124,RO83IMQE8261640217900000,2025-05-05 12:55:15,25567,833,131,1239651,3108e1f1-7572-4e83-8077-ec720c5f8024
Avram Stănescu,avramstănescu,avramstănescu@gmail.com,1970513453527,1942-08-11 00:00:00,"Strada Grațiela Georgescu Nr. 87, Sancraiu de Mures, 639322",0262 085 553,2b:b7:5c:fa:9b:8c,118.185.152.144,RO65IEOF1407262416534373,2025-05-05 12:55:15,10146,515,569,1639313,c2246df8-b98b-4b1f-af61-db564f9b5342
Alberta Ioniță,albertaioniță,albertaioniță@post.ro,6861210436524,1975-04-21 00:00:00,"Aleea Speranța Tomescu Nr. 292 Bl. 32  Sc. 29 Ap. 847, Otopeni, 415105",0255 566 539,e8:3d:fe:48:c1:f7,74.222.245.35,RO83LTEA1700034548107584,2025-05-05 12:55:15,32704,568,447,1419052,0c2971a2-163d-4b69-a6c9-5f10db49c68c
Mitruț Dinu,mitruțdinu,mitruțdinu@gmail.com,7771220344522,1998-10-19 00:00:00,"Strada Alin Tudor Nr. 38 Bl. 32  Sc. 80 Ap. 345, Orsova, 666393",0759 879 527,69:2b:41:15:1f:73,103.243.180.103,RO45BNSP1759481390875979,2025-05-05 12:55:15,24078,993,25,310082,02a20b00-903a-455a-a279-6cbb9d9008a6
Adriana Gheorghiu,adrianagheorghiu,adrianagheorghiu@gmail.com,1390924273971,1919-12-12 00:00:00,"Strada Dumitrescu, Pitesti, 834529",0721 825 406,20:39:4a:29:52:36,70.106.246.217,RO77NBVL8492008274572783,2025-05-05 12:55:15,21116,192,580,833282,966e7d99-fa25-4d45-b235-18ccafe9f6e4
Astrid Dinu,astriddinu,astriddinu@zzup.ro,7000603395626,2017-03-18 00:00:00,"Aleea Georgescu Nr. 23, Oravita, 247447",0766 927 184,2c:b6:65:d5:7e:ac,78.146.15.178,RO41YAXH6803689001406741,2025-05-05 12:55:15,3422,852,552,1225531,f431094a-756d-40e4-8e0d-e10f0e1b3a61
Gențiana Gheorghiu,gențianagheorghiu,gențianagheorghiu@kappa.ro,4760417424430,1915-12-21 00:00:00,"Intrarea Albu, Rodna, 120933",0747 827 754,1e:ea:e1:c0:d7:fa,67.146.100.248,RO80OUPX1959640515343537,2025-05-05 12:55:15,2992,768,242,101320,e18003de-0ebe-4299-9d7f-8d81b9a2bb2d
Cleopatra Tudor,cleopatratudor,cleopatratudor@141.ro,2191211462014,1916-02-27 00:00:00,"Soseaua Diaconu Nr. 194 Bl. 61  Sc. 32 Ap. 172, Mioveni, 172917",0724 093 755,9e:3a:81:98:aa:2d,46.188.36.99,RO61KGRS9167552549978729,2025-05-05 12:55:15,23829,455,614,1420088,e0ae8759-70a6-411d-8f7b-63cc558144bc
Antonela Oprea,antonelaoprea,antonelaoprea@post.ro,5160417291481,1981-10-20 00:00:00,"Bulevardul Sabrina Popa, Ocna Mures, 662399",0744 672 611,9f:de:8e:13:fc:b5,174.196.153.8,RO17FJHK7325818158832896,2025-05-05 12:55:15,25677,201,438,125617,d8427500-32a6-4367-ada8-006c05d2390a
Rebeca Ababei,rebecaababei,rebecaababei@post.ro,5010114367630,1999-10-19 00:00:00,"Intrarea Florea, Baia Mare, 286278",0253 551 536,a1:ed:6a:d2:e8:5c,17.149.52.187,RO61JKUO3463851581280867,2025-05-05 12:55:15,3299,811,423,312492,3a8a6da2-1683-4563-8fc1-5e79cc21f625
Zaraza Oprea,zarazaoprea,zarazaoprea@gmail.com,4910611011563,2021-10-28 00:00:00,"Strada Tomescu Nr. 914 Bl. 34  Sc. 29 Ap. 158, Targu Ocna, 957994",0265 041 148,7d:f5:31:e9:80:66,166.230.220.50,RO15KIKC9589190269829832,2025-05-05 12:55:15,19703,980,478,1561908,0a08bcbe-2687-401d-b9cd-c0371856c234
Steliana Albu,stelianaalbu,stelianaalbu@gmail.com,5790126331460,1946-06-08 00:00:00,"Aleea Pavel Stancu, Sacele, 261418",0729 532 950,02:40:2b:96:e8:12,52.79.150.196,RO13CUML2298237472130179,2025-05-05 12:55:15,19487,195,674,665997,8de26713-0dc2-4040-8193-26359f423bd9
Simi Pușcașu,simipușcașu,simipușcașu@kappa.ro,3640730012675,1996-09-16 00:00:00,"Intrarea Nemeș Nr. 691 Bl. 85  Sc. 33 Ap. 433, Talmaciu, 983971",0761 678 875,a5:34:29:62:17:43,36.126.38.143,RO05XDIZ5473499274784567,2025-05-05 12:55:15,24723,96,632,1221851,9223d9ca-500b-4daf-81b0-ee3fb0954f82
Iuliana Albu,iulianaalbu,iulianaalbu@acasa.ro,1200718440961,1989-12-07 00:00:00,"Intrarea Voinea, Orsova, 233489",0738 155 262,4a:0e:14:d4:f3:6c,190.162.57.220,RO28COCV8778813381587897,2025-05-05 12:55:15,25171,484,717,262870,fb6821de-fe7f-45f7-a6eb-47c494ad1cee
Jeana Toma,jeanatoma,jeanatoma@zzup.ro,5960205416505,1964-01-20 00:00:00,"Aleea Nistor Nr. 846, Falticeni, 852452",0770 506 446,9e:32:b7:d2:d3:4c,86.13.188.167,RO80USQR4286138516053708,2025-05-05 12:55:15,35773,515,746,1647458,22d1865f-dc85-4c36-ad19-f6de8f114358
Fabian Popescu,fabianpopescu,fabianpopescu@email.ro,5250524223184,1928-07-14 00:00:00,"Soseaua Tudor Nr. 23 Bl. 14  Sc. 31 Ap. 433, Borcea, 510596",0780 478 684,ef:ed:7d:d1:32:1f,73.43.204.146,RO29INFG3863050291298920,2025-05-05 12:55:15,24254,970,605,1477299,16df6e4f-51a6-4ea2-abc2-07ceaeb21ef0
Roberta Stancu,robertastancu,robertastancu@gmail.com,3060507319165,2006-02-20 00:00:00,"Strada Antonie Ababei Nr. 441 Bl. 74  Sc. 67 Ap. 404, Cristuru Secuiesc, 102338",0720 631 299,53:3f:3c:ff:a4:14,155.157.102.132,RO60ELQT8232054264943818,2025-05-05 12:55:15,7894,594,25,1972744,1f9f7425-4696-4d84-86ad-0ea21e91d29b
Grigore Preda,grigorepreda,grigorepreda@email.ro,7441216510060,2008-11-01 00:00:00,"Soseaua Popa, Valea Mare (Babeni), 823176",0757 195 364,40:9a:91:11:ea:9b,140.227.18.48,RO92IJQS6097417054742049,2025-05-05 12:55:15,25763,370,285,618552,5b2a2f9e-ac10-4d17-bb6a-17ed5a6c8a95
Savina Oprea,savinaoprea,savinaoprea@141.ro,4080307407776,1947-08-25 00:00:00,"Drumul Georgescu, Deva, 646730",0738 513 709,42:d8:87:68:ed:f8,21.222.217.230,RO81IIES5371953000165111,2025-05-05 12:55:15,4660,261,622,624126,4adb2ff9-7690-491f-9b61-f9ae3e0bc07f
Codin Gheorghiu,codingheorghiu,codingheorghiu@gmail.com,3101023195933,1940-07-04 00:00:00,"Drumul Toma Nr. 658 Bl. 51  Sc. 65 Ap. 634, Ramnicu Sarat, 619025",0727 196 563,06:ba:b7:04:6f:c4,100.144.131.127,RO28GWBY4211148767652957,2025-05-05 12:55:15,16411,700,691,486398,baf0c6bc-9bab-4c7a-b69e-4e47b6d4666d
Svetlana Eftimie,svetlanaeftimie,svetlanaeftimie@acasa.ro,8510726267740,1965-09-26 00:00:00,"Bulevardul Preda Nr. 50, Bals, 237734",0746 073 985,b9:e1:a5:21:bb:6c,89.40.125.37,RO98HPXD9798872583545365,2025-05-05 12:55:15,30965,931,275,1399068,f4368162-a7c8-4bec-8538-e2787cc27f1d
Rodica Niță,rodicaniță,rodicaniță@kappa.ro,2581008423029,1917-02-04 00:00:00,"Drumul Suciu Nr. 350 Bl. 67  Sc. 60 Ap. 132, Dragasani, 418050",0784 616 228,b3:27:4b:89:1b:cb,81.227.233.82,RO75IRCM5536254218892251,2025-05-05 12:55:15,14071,410,286,697658,fdadd156-f957-4a25-ac2b-9d66a83d1407
Dafina Tudor,dafinatudor,dafinatudor@acasa.ro,3650211153656,1944-03-04 00:00:00,"Intrarea Nistor, Dancu, 993983",0750 006 642,6a:1b:d0:40:01:0b,114.49.98.232,RO80KTJC4860485667200304,2025-05-05 12:55:15,26656,405,644,1053435,f44eb43f-2d63-457a-851a-228caf604142
Grațian Pușcașu,grațianpușcașu,grațianpușcașu@zzup.ro,6560824527724,1936-12-16 00:00:00,"Soseaua Diaconu Nr. 291 Bl. 86  Sc. 27 Ap. 817, Ludus, 502673",0262 187 756,81:af:f7:4c:eb:60,187.21.88.14,RO87PWVA4567207610779468,2025-05-05 12:55:15,4048,359,110,729282,86c42867-edd0-4d84-9dec-3a832bce47fd
Anghel Dinu,angheldinu,angheldinu@post.ro,8670630097656,1967-04-29 00:00:00,"Strada Simona Marin, Baia, 801663",0743 491 898,a7:39:40:d2:d4:2f,84.4.210.98,RO32HUUK9446656726568074,2025-05-05 12:55:15,23082,170,39,1986588,4474aa0e-df0f-4399-aeeb-c8fdfa7738c7
Zenovia Gheorghiu,zenoviagheorghiu,zenoviagheorghiu@zzup.ro,1830218080115,1909-07-28 00:00:00,"Aleea Ștefan Nistor Nr. 883, Bacau, 205917",0767 033 635,40:0a:15:a9:3b:5c,81.94.217.186,RO89JEJY6946897286967108,2025-05-05 12:55:15,13128,925,450,1029329,0a8820ef-c613-4e11-8284-8f8f658c88e7
Oana Stoica,oanastoica,oanastoica@acasa.ro,2980830078964,1997-11-25 00:00:00,"Bulevardul Costel Suciu Nr. 280 Bl. 39  Sc. 57 Ap. 672, Techirghiol, 470084",0757 012 154,61:aa:31:39:8b:8c,199.102.171.119,RO34NGSE8809619161136218,2025-05-05 12:55:15,23980,798,742,1066169,b4869606-42e0-4349-bf6a-8550cac613ff
Arian Voinea,arianvoinea,arianvoinea@kappa.ro,8210423519065,1953-11-10 00:00:00,"Aleea Tudor Nr. 861, Radauti, 784555",0739 282 099,8f:bd:b8:6e:a0:5e,220.5.192.237,RO18YKQP5646649822751279,2025-05-05 12:55:15,20653,212,330,773784,ac174a33-47d4-44a9-ad71-244d3a2e2ea2
Filofteia Ene,filofteiaene,filofteiaene@gmail.com,2971115072859,1954-05-20 00:00:00,"Aleea Cristea Nr. 461, Targu Neamt, 395609",0251 985 688,c7:b7:26:7a:2c:8d,178.222.203.242,RO32GMGY3330398339025253,2025-05-05 12:55:15,28516,442,716,1136101,79beb8d6-75b7-4f5e-b280-2dfd64d0ad60
Grațiana Ioniță,grațianaioniță,grațianaioniță@post.ro,1551101244286,1999-06-04 00:00:00,"Bulevardul Pușcașu Nr. 771 Bl. 71  Sc. 66 Ap. 295, Moreni, 204141",0749 046 293,4f:bb:50:67:ec:16,23.129.51.212,RO63BVHJ4826835761553773,2025-05-05 12:55:15,1127,397,301,1617699,b0aa75bb-a4f6-4c1b-88fe-56d5f529c6a7
Maxim Georgescu,maximgeorgescu,maximgeorgescu@kappa.ro,3670408351018,1942-03-19 00:00:00,"Soseaua Ababei, Raducaneni, 464394",0721 561 026,8f:1d:54:f7:1f:4a,187.181.220.253,RO64UVBY2805937301055666,2025-05-05 12:55:15,18455,987,457,119854,5db56d0b-714f-4f18-93cb-a199bf34f467
Floarea Popa,floareapopa,floareapopa@acasa.ro,6410513413200,1910-05-03 00:00:00,"Intrarea Stoica Nr. 447 Bl. 83  Sc. 35 Ap. 416, Campulung, 568971",0731 394 747,85:d4:9e:2a:11:cb,215.14.249.233,RO36XTIS0848601197819621,2025-05-05 12:55:15,4880,643,177,305968,e703e879-06eb-4de7-bc78-8fa0de7d65b6
Demetra Marin,demetramarin,demetramarin@post.ro,2500518237793,2011-01-10 00:00:00,"Intrarea Narcisa Tabacu Nr. 92 Bl. 96  Sc. 84 Ap. 259, Titu, 491260",0263 258 479,43:c4:61:e9:22:44,3.27.70.122,RO50QBJC7616230507494201,2025-05-05 12:55:15,20193,512,9,239131,ce769b71-9c8f-4247-80a5-b2cb9bf61940
Inocențiu Marin,inocențiumarin,inocențiumarin@post.ro,7430919265382,1916-05-26 00:00:00,"Intrarea Tudor Nr. 217, Valenii de Munte, 794553",0760 638 045,69:e2:be:20:8f:bc,12.120.54.133,RO56FHCC7360127844674707,2025-05-05 12:55:15,25278,290,750,219857,65af3270-983a-4957-bc2d-e5a1deb5c2dd
David Preda,davidpreda,davidpreda@141.ro,3941102231051,1995-07-11 00:00:00,"Strada Dima Nr. 17 Bl. 47  Sc. 55 Ap. 826, Borcea, 378817",0741 131 509,1b:8f:a4:f1:71:fd,172.28.32.180,RO12SNZC4057201353953631,2025-05-05 12:55:15,29711,22,539,1950446,461cbfdd-7598-4f6a-a0ea-13ec56c947ec
Casandra Dumitrescu,casandradumitrescu,casandradumitrescu@acasa.ro,4571021284081,2003-12-24 00:00:00,"Drumul Georgescu Nr. 30 Bl. 97  Sc. 25 Ap. 102, Baicoi, 963609",0266 841 684,9b:f0:d0:bf:81:3c,142.107.68.3,RO97NXPD5506687619382711,2025-05-05 12:55:15,32556,166,173,1995409,5dabb528-6544-446b-b2f6-0cb8406e5d1e
Antonie Barbu,antoniebarbu,antoniebarbu@kappa.ro,4080516084578,2011-11-24 00:00:00,"Strada Dinu Nr. 42 Bl. 45  Sc. 26 Ap. 137, Sinaia, 205959",0262 719 630,3c:d2:43:ec:2d:4c,11.12.196.69,RO86NMMN3650314828620647,2025-05-05 12:55:15,8115,42,641,1025602,71283f3e-b9a1-4bae-a6f4-f1ec0b91766b
Tudora Popa,tudorapopa,tudorapopa@kappa.ro,5501131291191,1988-04-26 00:00:00,"Strada Letiția Nistor Nr. 87, Sinaia, 347322",0235 699 764,ca:08:61:64:91:ca,211.80.64.255,RO97HOVA8022957058168277,2025-05-05 12:55:15,31149,423,796,843140,1e3ecff4-3cb1-478f-8879-ac7bb7ebf560
Paul Mazilescu,paulmazilescu,paulmazilescu@gmail.com,2240309229873,2021-04-22 00:00:00,"Drumul Eftimie Nr. 45 Bl. 73  Sc. 35 Ap. 881, Pecica, 682914",0732 152 156,3d:3d:52:ac:e3:f8,145.139.161.231,RO83QPET8483003790763468,2025-05-05 12:55:15,7064,946,60,910878,aa124a09-8977-486e-b7f0-56f851e33185
George Gheorghiu,georgegheorghiu,georgegheorghiu@post.ro,4291206146759,1952-11-20 00:00:00,"Strada Stancu Nr. 228 Bl. 24  Sc. 97 Ap. 881, Greci, 323251",0723 267 587,9f:47:57:aa:d2:c5,83.212.176.240,RO51KGYE5280985736783775,2025-05-05 12:55:15,23124,551,26,430061,d2cb68cd-e570-42db-bae7-b17422841d65
Luca Tabacu,lucatabacu,lucatabacu@email.ro,2320103241669,2006-11-28 00:00:00,"Strada Simi Toma Nr. 20 Bl. 43  Sc. 36 Ap. 335, Viseu de Sus, 126471",0746 641 289,24:ee:c5:ce:ec:b7,175.123.161.174,RO85XNOR8783854475996577,2025-05-05 12:55:15,32809,140,333,1881098,2039971b-40b3-4e37-895a-a30cd6fb9845
Gregorian Diaconescu,gregoriandiaconescu,gregoriandiaconescu@post.ro,3110728076078,1927-07-13 00:00:00,"Bulevardul Nistor Nr. 13 Bl. 75  Sc. 49 Ap. 483, Baile Borsa, 689736",0241 132 010,24:a8:61:ff:f6:f7,56.205.94.36,RO15FGPC6038233548373727,2025-05-05 12:55:15,28280,646,792,819293,2b8cb962-6d23-4b6c-85b0-6c44198d7d42
Sorana Dinu,soranadinu,soranadinu@acasa.ro,6270717303748,1974-08-11 00:00:00,"Aleea Carla Nemeș Nr. 52, Strehaia, 710037",021 614 8244,63:16:d8:7c:36:04,193.125.148.98,RO52CXNJ5698635525761264,2025-05-05 12:55:15,31281,306,740,1155408,acc5c0c2-d5d9-456d-9d2e-74b0ecdf0fee
Ruxanda Barbu,ruxandabarbu,ruxandabarbu@zzup.ro,6761214045972,1983-08-18 00:00:00,"Strada Toma Nr. 136 Bl. 51  Sc. 48 Ap. 855, Afumati, 318095",0749 003 688,f1:91:2d:23:45:84,206.75.144.5,RO80HZRN0132758344157742,2025-05-05 12:55:15,21342,214,341,697116,df621cd2-380c-4038-abed-c364bc60f83a
Cornelia Ababei,corneliaababei,corneliaababei@gmail.com,6070401341828,2019-12-17 00:00:00,"Bulevardul Alis Georgescu, Sancraiu de Mures, 183887",021 047 9657,73:76:23:8a:a6:f0,11.163.75.229,RO49ELIN9672377003403371,2025-05-05 12:55:15,20087,689,440,1906757,930b722f-97b8-4c64-bc8b-a23488cf3df9
Betina Stancu,betinastancu,betinastancu@acasa.ro,2430211166842,1991-08-04 00:00:00,"Drumul Claudiu Stănescu Nr. 739, Buzau, 963473",0741 051 305,09:3d:4f:73:77:d5,112.48.61.126,RO13FPKH9600634570492186,2025-05-05 12:55:15,14392,486,686,1568846,c1143790-b2d4-4b02-b22f-164172b07045
Florin Ene,florinene,florinene@acasa.ro,1020405393650,1948-04-03 00:00:00,"Aleea Barbu, Hateg, 591258",0721 117 614,3b:de:78:59:fa:eb,161.42.141.55,RO47HNMZ6554955602600925,2025-05-05 12:55:15,31666,946,275,1671888,877a0714-dde0-4735-8ae4-aed9eb43a63b
Titus Ardelean,titusardelean,titusardelean@kappa.ro,8050612198572,2006-10-23 00:00:00,"Aleea Sandu Gheorghiu Nr. 11, Oravita, 228396",0738 615 093,7b:3c:dd:28:6b:c4,99.9.155.215,RO68ZHRV4481411882519760,2025-05-05 12:55:15,15066,412,17,495831,f620f62c-d068-46d2-a915-2b9ba97d62f9
Alexandru Tudor,alexandrutudor,alexandrutudor@gmail.com,5630904305244,2020-06-21 00:00:00,"Bulevardul Nicoleta Dochioiu Nr. 63, Botosani, 300078",0249 288 962,4b:e0:a7:88:01:93,114.140.62.80,RO43KIEV2064286088952805,2025-05-05 12:55:15,23949,733,452,1204804,b5b83aad-2bf1-4840-b0a9-a2d9ef45ba97
Iustin Manole,iustinmanole,iustinmanole@zzup.ro,7610210341437,1970-12-06 00:00:00,"Aleea Andrian Popescu Nr. 614 Bl. 66  Sc. 83 Ap. 782, Videle, 723067",0749 085 776,7e:ff:29:f4:b8:34,105.177.127.138,RO12DCUH6654696350501728,2025-05-05 12:55:15,18197,606,155,940765,bf0be8c1-1c88-4b2c-81db-ecf506ec7e60
Isabela Tabacu,isabelatabacu,isabelatabacu@141.ro,5170610421777,1981-06-23 00:00:00,"Intrarea Ene Nr. 54 Bl. 52  Sc. 64 Ap. 821, Vlahita, 316484",0732 392 732,3e:19:32:0e:9b:6d,171.106.62.105,RO69EWKZ4998598181787469,2025-05-05 12:55:15,8222,956,453,238454,44200d8b-c59b-4c3b-955f-f906a5e8ae24
Eustațiu Ababei,eustațiuababei,eustațiuababei@acasa.ro,3400927207874,1976-12-31 00:00:00,"Strada Georgescu, Pucioasa, 822278",0734 544 077,97:59:7b:81:fd:00,161.3.123.55,RO78MLWR2346954450847512,2025-05-05 12:55:15,2725,545,178,1507287,84b29b0f-18b6-43c9-a5dc-ea56c9f921cf
Ovidiu Albu,ovidiualbu,ovidiualbu@email.ro,5840819289495,2007-03-30 00:00:00,"Bulevardul Tudor Nr. 88 Bl. 49  Sc. 25 Ap. 159, Baia, 425734",0741 187 707,72:07:52:af:bd:d5,81.115.29.131,RO78SJZD2486440818376453,2025-05-05 12:55:15,26356,452,564,160419,f1a3aec9-d74a-4c4b-9cde-43f0f6418363
Eleonora Mocanu,eleonoramocanu,eleonoramocanu@post.ro,1190109013425,1924-04-17 00:00:00,"Aleea Dobre, Insuratei, 234378",0253 097 366,4b:a3:b5:a2:3c:50,139.87.143.151,RO75THIO3773860198590661,2025-05-05 12:55:15,25008,494,674,1232054,1c2bbdeb-1193-4ae9-8a23-0f1becba952d
Irina Toma,irinatoma,irinatoma@email.ro,4131012394904,1975-11-21 00:00:00,"Bulevardul Dobre Nr. 714 Bl. 79  Sc. 66 Ap. 230, Amara, 396587",0262 091 022,23:ed:51:f0:17:4f,57.26.9.76,RO76RPDC0483010862965620,2025-05-05 12:55:15,28739,953,774,21520,69712670-0ba9-498d-96b3-b6d994c8443b
